%user%/shaders/cache/d3d9/cgpshaders/cloth@clothps.fxcb
%user%/shaders/cache/d3d9/cgpshaders/cloth@zpassps.fxcb
%user%/shaders/cache/d3d9/cgpshaders/distanceclouds@distancecloudsps.fxcb
%user%/shaders/cache/d3d9/cgpshaders/eye@eyeps.fxcb
%user%/shaders/cache/d3d9/cgpshaders/fireparticles@fireps.fxcb
%user%/shaders/cache/d3d9/cgpshaders/fireparticles_vs2@fireps.fxcb
%user%/shaders/cache/d3d9/cgpshaders/fogvolume@fogvolumeboxps.fxcb
%user%/shaders/cache/d3d9/cgpshaders/fogvolume@fogvolumeellipsoidps.fxcb
%user%/shaders/cache/d3d9/cgpshaders/fx_velocitybeamparticles@gravitybeamps.fxcb
%user%/shaders/cache/d3d9/cgpshaders/glass@glassps.fxcb
%user%/shaders/cache/d3d9/cgpshaders/hair@hairopaqueps.fxcb
%user%/shaders/cache/d3d9/cgpshaders/hair@softalphatestpassps.fxcb
%user%/shaders/cache/d3d9/cgpshaders/hair@zpassps.fxcb
%user%/shaders/cache/d3d9/cgpshaders/humanskin@skinps.fxcb
%user%/shaders/cache/d3d9/cgpshaders/humanskin@zpassps.fxcb
%user%/shaders/cache/d3d9/cgpshaders/irradiancevolume@ivapplyps.fxcb
%user%/shaders/cache/d3d9/cgpshaders/irradiancevolume@ivcollectps.fxcb
%user%/shaders/cache/d3d9/cgpshaders/irradiancevolume@ivcolormapinjectionps.fxcb
%user%/shaders/cache/d3d9/cgpshaders/irradiancevolume@ivdownsamplersmps.fxcb
%user%/shaders/cache/d3d9/cgpshaders/irradiancevolume@ivlightinjectionps.fxcb
%user%/shaders/cache/d3d9/cgpshaders/irradiancevolume@ivocclusioninjectionps.fxcb
%user%/shaders/cache/d3d9/cgpshaders/irradiancevolume@ivpostinjectlightps.fxcb
%user%/shaders/cache/d3d9/cgpshaders/irradiancevolume@ivsimulateps.fxcb
%user%/shaders/cache/d3d9/cgpshaders/metal@metalps.fxcb
%user%/shaders/cache/d3d9/cgpshaders/scopes@scopeps.fxcb
%user%/shaders/cache/d3d9/cgpshaders/skyhdr@skyhdrps.fxcb
%user%/shaders/cache/d3d9/cgpshaders/skyhdr@skyzps.fxcb
%user%/shaders/cache/d3d9/cgpshaders/stars@starsps.fxcb
%user%/shaders/cache/d3d9/cgpshaders/templbeamproc@beamps.fxcb
%user%/shaders/cache/d3d9/cgpshaders/voxterrain@voxterrainps.fxcb
%user%/shaders/cache/d3d9/cgpshaders/water@waterps.fxcb
%user%/shaders/cache/d3d9/cgpshaders/waterfogvolume@oceanintops.fxcb
%user%/shaders/cache/d3d9/cgpshaders/waterfogvolume@oceanoutofps.fxcb
%user%/shaders/cache/d3d9/cgpshaders/waterfogvolume@watervolumeintops.fxcb
%user%/shaders/cache/d3d9/cgpshaders/waterfogvolume@watervolumeoutofps.fxcb
%user%/shaders/cache/d3d9/cgpshaders/wateroceanbottom@oceanbottomps.fxcb
%user%/shaders/cache/d3d9/cgpshaders/wateroceanbottom@oceanbottomzpassps.fxcb
%user%/shaders/cache/d3d9/cgpshaders/watersurface@watersurfaceps.fxcb
%user%/shaders/cache/d3d9/cgpshaders/watersurface@zpassps.fxcb
%user%/shaders/cache/d3d9/cgvshaders/cloth@clothvs.fxcb
%user%/shaders/cache/d3d9/cgvshaders/cloth@zpassvs.fxcb
%user%/shaders/cache/d3d9/cgvshaders/distanceclouds@distancecloudsvs.fxcb
%user%/shaders/cache/d3d9/cgvshaders/eye@eyevs.fxcb
%user%/shaders/cache/d3d9/cgvshaders/fireparticles@firevs.fxcb
%user%/shaders/cache/d3d9/cgvshaders/fireparticles_vs2@firevs.fxcb
%user%/shaders/cache/d3d9/cgvshaders/fogvolume@fogvolumeboxvs.fxcb
%user%/shaders/cache/d3d9/cgvshaders/fogvolume@fogvolumeellipsoidvs.fxcb
%user%/shaders/cache/d3d9/cgvshaders/fx_velocitybeamparticles@gravitybeamvs.fxcb
%user%/shaders/cache/d3d9/cgvshaders/glass@glassvs.fxcb
%user%/shaders/cache/d3d9/cgvshaders/hair@hairvs.fxcb
%user%/shaders/cache/d3d9/cgvshaders/hair@softalphatestpassvs.fxcb
%user%/shaders/cache/d3d9/cgvshaders/hair@zpassvs.fxcb
%user%/shaders/cache/d3d9/cgvshaders/humanskin@skinvs.fxcb
%user%/shaders/cache/d3d9/cgvshaders/humanskin@zpassvs.fxcb
%user%/shaders/cache/d3d9/cgvshaders/irradiancevolume@ivapplyvs.fxcb
%user%/shaders/cache/d3d9/cgvshaders/irradiancevolume@ivcollectvs.fxcb
%user%/shaders/cache/d3d9/cgvshaders/irradiancevolume@ivcolormapinjectionvs.fxcb
%user%/shaders/cache/d3d9/cgvshaders/irradiancevolume@ivdownsamplersmvs.fxcb
%user%/shaders/cache/d3d9/cgvshaders/irradiancevolume@ivlightinjectionvs.fxcb
%user%/shaders/cache/d3d9/cgvshaders/irradiancevolume@ivocclusioninjectionvs.fxcb
%user%/shaders/cache/d3d9/cgvshaders/irradiancevolume@ivpostinjectlightvs.fxcb
%user%/shaders/cache/d3d9/cgvshaders/irradiancevolume@ivsimulatevs.fxcb
%user%/shaders/cache/d3d9/cgvshaders/metal@metalvs.fxcb
%user%/shaders/cache/d3d9/cgvshaders/scopes@scopevs.fxcb
%user%/shaders/cache/d3d9/cgvshaders/skyhdr@skyhdrvs.fxcb
%user%/shaders/cache/d3d9/cgvshaders/skyhdr@skyzvs.fxcb
%user%/shaders/cache/d3d9/cgvshaders/stars@starsvs.fxcb
%user%/shaders/cache/d3d9/cgvshaders/templbeamproc@beamvs.fxcb
%user%/shaders/cache/d3d9/cgvshaders/voxterrain@voxterrainvs.fxcb
%user%/shaders/cache/d3d9/cgvshaders/water@watervs.fxcb
%user%/shaders/cache/d3d9/cgvshaders/waterfogvolume@oceanintovs.fxcb
%user%/shaders/cache/d3d9/cgvshaders/waterfogvolume@watervolumeintovs.fxcb
%user%/shaders/cache/d3d9/cgvshaders/waterfogvolume@watervolumeoutofvs.fxcb
%user%/shaders/cache/d3d9/cgvshaders/wateroceanbottom@oceanbottomvs.fxcb
%user%/shaders/cache/d3d9/cgvshaders/wateroceanbottom@oceanbottomzpassvs.fxcb
%user%/shaders/cache/d3d9/cgvshaders/watersurface@watersurfacevs.fxcb
%user%/shaders/cache/d3d9/cgvshaders/watersurface@zpassvs.fxcb
%user%/shaders/cache/d3d9/cloth.cfxb
%user%/shaders/cache/d3d9/clothvalidations.cfib
%user%/shaders/cache/d3d9/common.cfib
%user%/shaders/cache/d3d9/commoncausticspass.cfib
%user%/shaders/cache/d3d9/commondebugpass.cfib
%user%/shaders/cache/d3d9/commondetailpass.cfib
%user%/shaders/cache/d3d9/commoneffectlayerpass.cfib
%user%/shaders/cache/d3d9/commonglowpass.cfib
%user%/shaders/cache/d3d9/commonmotionblurpass.cfib
%user%/shaders/cache/d3d9/commonrainpass.cfib
%user%/shaders/cache/d3d9/commonshadowgenpass.cfib
%user%/shaders/cache/d3d9/commonshadowpass.cfib
%user%/shaders/cache/d3d9/commonviewspass.cfib
%user%/shaders/cache/d3d9/commonzpass.cfib
%user%/shaders/cache/d3d9/distanceclouds.cfxb
%user%/shaders/cache/d3d9/eye.cfxb
%user%/shaders/cache/d3d9/fireparticles.cfxb
%user%/shaders/cache/d3d9/fireparticles_vs2.cfxb
%user%/shaders/cache/d3d9/fogvolume.cfxb
%user%/shaders/cache/d3d9/fraglib.cfib
%user%/shaders/cache/d3d9/fx_velocitybeamparticles.cfxb
%user%/shaders/cache/d3d9/fxconstantdefs.cfib
%user%/shaders/cache/d3d9/fxsamplerdefs.cfib
%user%/shaders/cache/d3d9/fxsetupenvvars.cfib
%user%/shaders/cache/d3d9/fxstreamdefs.cfib
%user%/shaders/cache/d3d9/glass.cfxb
%user%/shaders/cache/d3d9/hair.cfxb
%user%/shaders/cache/d3d9/humanskin.cfxb
%user%/shaders/cache/d3d9/humanskinvalidations.cfib
%user%/shaders/cache/d3d9/illum.cfxb
%user%/shaders/cache/d3d9/illumvalidations.cfib
%user%/shaders/cache/d3d9/irradiancevolume.cfib
%user%/shaders/cache/d3d9/irradiancevolume.cfxb
%user%/shaders/cache/d3d9/metal.cfxb
%user%/shaders/cache/d3d9/modificatortc.cfib
%user%/shaders/cache/d3d9/modificatorvt.cfib
%user%/shaders/cache/d3d9/posteffectslib.cfib
%user%/shaders/cache/d3d9/scopes.cfxb
%user%/shaders/cache/d3d9/shadelib.cfib
%user%/shaders/cache/d3d9/shadowcommon.cfib
%user%/shaders/cache/d3d9/skyhdr.cfxb
%user%/shaders/cache/d3d9/stars.cfxb
%user%/shaders/cache/d3d9/templbeamproc.cfxb
%user%/shaders/cache/d3d9/vertexlib.cfib
%user%/shaders/cache/d3d9/volumetricfog.cfib
%user%/shaders/cache/d3d9/voxterrain.cfxb
%user%/shaders/cache/d3d9/water.cfxb
%user%/shaders/cache/d3d9/waterfogvolume.cfxb
%user%/shaders/cache/d3d9/wateroceanbottom.cfxb
%user%/shaders/cache/d3d9/watersurface.cfxb
animations/1st_person/binoculars_fp/binoculars_fp.dba
animations/1st_person/frag_grenade_left_fp.dba
animations/1st_person/nw/nw_arms_fp.dba
animations/1st_person/rocket_launcher_fp/rocket_launcher_fp.dba
animations/1st_person/scar_fp/scar_fp.dba
animations/animals/birds/pigeon/pigeon.dba
animations/graphs/humanmalefullbody.ag
animations/graphs/humanmaleupperbody.ag
animations/human_male/crouch/crouch_idleaimposes_scar.caf
animations/human_male/cutscene/barrel_cutscene_01.caf
animations/human_male/human_male.animevents
animations/human_male/human_male.dba
animations/human_male/lmg_files/crouch_move.lmg
animations/human_male/lmg_files/crouch_run.lmg
animations/human_male/lmg_files/crouch_walk.lmg
animations/human_male/lmg_files/relaxed_idlesteprotate_nw.lmg
animations/human_male/lmg_files/relaxed_run.lmg
animations/human_male/lmg_files/relaxed_run_bwd.lmg
animations/human_male/lmg_files/relaxed_walk.lmg
animations/human_male/lmg_files/relaxed_walk_bwd.lmg
animations/human_male/lookposes/lookposes_sdk_fullbody.caf
animations/human_male/lookposes/lookposes_sdk_head.caf
animations/human_male/relaxed/relaxed_idleaimposes_scar.caf
levels/forest/areasmission0.bai
levels/forest/brush/0.cgf
levels/forest/brush/1.cgf
levels/forest/brush/10.cgf
levels/forest/brush/11.cgf
levels/forest/brush/12.cgf
levels/forest/brush/13.cgf
levels/forest/brush/14.cgf
levels/forest/brush/15.cgf
levels/forest/brush/16.cgf
levels/forest/brush/17.cgf
levels/forest/brush/18.cgf
levels/forest/brush/19.cgf
levels/forest/brush/2.cgf
levels/forest/brush/20.cgf
levels/forest/brush/21.cgf
levels/forest/brush/22.cgf
levels/forest/brush/23.cgf
levels/forest/brush/24.cgf
levels/forest/brush/25.cgf
levels/forest/brush/26.cgf
levels/forest/brush/27.cgf
levels/forest/brush/28.cgf
levels/forest/brush/29.cgf
levels/forest/brush/3.cgf
levels/forest/brush/30.cgf
levels/forest/brush/31.cgf
levels/forest/brush/32.cgf
levels/forest/brush/33.cgf
levels/forest/brush/34.cgf
levels/forest/brush/35.cgf
levels/forest/brush/36.cgf
levels/forest/brush/37.cgf
levels/forest/brush/38.cgf
levels/forest/brush/39.cgf
levels/forest/brush/4.cgf
levels/forest/brush/40.cgf
levels/forest/brush/41.cgf
levels/forest/brush/42.cgf
levels/forest/brush/43.cgf
levels/forest/brush/44.cgf
levels/forest/brush/5.cgf
levels/forest/brush/6.cgf
levels/forest/brush/7.cgf
levels/forest/brush/8.cgf
levels/forest/brush/9.cgf
levels/forest/brushlist.txt
levels/forest/fnavmission0.bai
levels/forest/forest.dds
levels/forest/forest.tif
levels/forest/forest.xml
levels/forest/leveldata.xml
levels/forest/leveldataaction.xml
levels/forest/levelinfo.xml
levels/forest/levelparticles.xml
levels/forest/loadingforest.dds
levels/forest/loadingforest.tif
levels/forest/mission_mission0.xml
levels/forest/moviedata.xml
levels/forest/netmission0.bai
levels/forest/roadnavmission0.bai
levels/forest/shaderslist.txt
levels/forest/terrain/cover.ctc
levels/forest/terrain/indoor.dat
levels/forest/terrain/terrain.dat
levels/forest/v3dmission0.bai
levels/forest/vertsmission0.bai
libs/actiongraphs/smartobjects_example_1.xml
libs/entityarchetypes/props_destroyable.xml
libs/entityarchetypes/props_physics.xml
libs/gameaudio/audiopreloads.xml
libs/particles/breakable_objects.xml
libs/particles/bullet.xml
libs/particles/collisions.xml
libs/particles/environment_fx.xml
libs/particles/environment_insects.xml
libs/particles/melee.xml
libs/particles/misc.xml
libs/particles/muzzleflash.xml
libs/particles/rain.xml
libs/particles/smoke_and_fire.xml
libs/particles/vehicle_fx.xml
libs/particles/water.xml
libs/particles/waterfall.xml
libs/particles/weapon_fx.xml
libs/particles/weather.xml
libs/particles/wind.xml
libs/sky/stars.dat
libs/smartobjects.xml
libs/ui/texturepreload.xml
libs/ui/weapon_binoculars.dds
libs/ui/weapon_fist.dds
libs/ui/weapon_rifle.dds
libs/ui/weapon_rocket_launcher.dds
materials/black.mtl
materials/clouds/distanceclouds1.mtl
materials/clouds/distanceclouds2.mtl
materials/clouds/distanceclouds_island_daylight_small.mtl
materials/decals/algae_1.mtl
materials/decals/algae_cxp_r.mtl
materials/decals/algae_orange.mtl
materials/decals/algae_orange_onwater.mtl
materials/decals/algae_orange_onwater2.mtl
materials/decals/alien_flesh.mtl
materials/decals/alien_shell.mtl
materials/decals/beach_dirt.mtl
materials/decals/blood_pool.mtl
materials/decals/blood_pool2.mtl
materials/decals/blood_splat1.mtl
materials/decals/blood_splat11.mtl
materials/decals/blood_splat2.mtl
materials/decals/blood_splat5.mtl
materials/decals/blood_splat7.mtl
materials/decals/blood_splat_1.mtl
materials/decals/bright_mortar_1.mtl
materials/decals/bullet_concrete_1.mtl
materials/decals/bullet_concrete_2.mtl
materials/decals/bullet_forestrock.mtl
materials/decals/bullet_metal.mtl
materials/decals/bullet_plastic.mtl
materials/decals/bullet_wood.mtl
materials/decals/burnt/decal_burned_25.mtl
materials/decals/concrete_crack1.mtl
materials/decals/concrete_crack2.mtl
materials/decals/concrete_crack3.mtl
materials/decals/concrete_plain.mtl
materials/decals/default.mtl
materials/decals/default_blast.mtl
materials/decals/dirt_bright_1.mtl
materials/decals/dirt_bright_2.mtl
materials/decals/dirt_brown_1.mtl
materials/decals/dirt_brown_1_cxp_r.mtl
materials/decals/dirt_brown_2.mtl
materials/decals/dirt_brown_3.mtl
materials/decals/dirt_brown_4.mtl
materials/decals/dirt_brown_4_cxp_r.mtl
materials/decals/dirt_brown_blotch.mtl
materials/decals/dirt_dark_1.mtl
materials/decals/dirt_dark_2.mtl
materials/decals/dirt_drip_1.mtl
materials/decals/dirt_drip_2.mtl
materials/decals/dirt_leaking_1.mtl
materials/decals/dirt_leaking_2.mtl
materials/decals/dirty_rust/dirt17_dark.mtl
materials/decals/drain.mtl
materials/decals/explosions/explosion_metal.mtl
materials/decals/explosions/explosion_snow.mtl
materials/decals/fake_shadow_building_aleks.mtl
materials/decals/flattened_cardboard.mtl
materials/decals/footstep_sand.mtl
materials/decals/footstep_snow.mtl
materials/decals/fruit.mtl
materials/decals/glass.mtl
materials/decals/glass/broken_glass01.mtl
materials/decals/glass/broken_glass02.mtl
materials/decals/glass_b.mtl
materials/decals/glass_crack_big_1.mtl
materials/decals/glass_crack_small_1.mtl
materials/decals/grass3_decal.mtl
materials/decals/grass3_decal_old.mtl
materials/decals/grass3_decal_old2.mtl
materials/decals/ground.mtl
materials/decals/ground_crack_a.mtl
materials/decals/ground_crack_b.mtl
materials/decals/ground_hole_1.mtl
materials/decals/human_body.mtl
materials/decals/ice.mtl
materials/decals/landslide_patch.mtl
materials/decals/leaf_1.mtl
materials/decals/leaf_2.mtl
materials/decals/leaf_corner.mtl
materials/decals/leaves2_decal.mtl
materials/decals/leaves2_decal_old.mtl
materials/decals/leaves2_dots_decal.mtl
materials/decals/leaves2_dots_decal_old.mtl
materials/decals/metal_tin.mtl
materials/decals/metalstuff_1.mtl
materials/decals/metalstuff_2.mtl
materials/decals/metalstuff_3.mtl
materials/decals/metalstuff_4.mtl
materials/decals/moss_1.mtl
materials/decals/moss_2.mtl
materials/decals/mud_puddle_1.mtl
materials/decals/mud_puddle_2.mtl
materials/decals/oil.mtl
materials/decals/paper_1.mtl
materials/decals/paper_2.mtl
materials/decals/paper_3.mtl
materials/decals/paper_4.mtl
materials/decals/paper_5.mtl
materials/decals/paper_6.mtl
materials/decals/pine_needles4_decal.mtl
materials/decals/pine_needles4_decal_old.mtl
materials/decals/pine_needles4_dots_decal.mtl
materials/decals/pine_needles4_dots_decal_old.mtl
materials/decals/plastic.mtl
materials/decals/road_asphalt.mtl
materials/decals/rock1.mtl
materials/decals/rock_hard.mtl
materials/decals/rock_sandy.mtl
materials/decals/rubbish_papers/rubbish_01.mtl
materials/decals/rust_leaking_1.mtl
materials/decals/rust_leaking_2.mtl
materials/decals/rust_leaking_3.mtl
materials/decals/sand_sea.mtl
materials/decals/scrap_1.mtl
materials/decals/scrap_2.mtl
materials/decals/scrap_3.mtl
materials/decals/snow_melt.mtl
materials/decals/terrain/decal_dry_grass_on_soil_and_pepples.mtl
materials/decals/terrain/dirt_on_road_16_bright.mtl
materials/decals/terrain/dirt_on_road_gray.mtl
materials/decals/terrain_soil.mtl
materials/decals/tire_tracks.mtl
materials/decals/trash.mtl
materials/decals/trash_cable.mtl
materials/decals/wall_dirt_2.mtl
materials/decals/wall_dirt_3.mtl
materials/decals/wall_dirt_4.mtl
materials/decals/wall_posterthrash_1.mtl
materials/decals/wall_posterthrash_2.mtl
materials/decals/wall_worn_paint_a.mtl
materials/decals/wood_bark.mtl
materials/decals/wood_planks.mtl
materials/irradiancevolume/default.mtl
materials/levels/cxp/decals/algae_cxp_r.mtl
materials/levels/cxp/decals/grass3_decal.mtl
materials/levels/cxp/decals/grasss3_decal_2x.dds
materials/levels/cxp/decals/leaves2_deca2x.dds
materials/levels/cxp/decals/leaves2_deca2x_dots.dds
materials/levels/cxp/decals/leaves2_decal.mtl
materials/levels/cxp/decals/leaves2_dots_decal.mtl
materials/levels/cxp/decals/pine_needles4_deca2x.dds
materials/levels/cxp/decals/pine_needles4_decal.mtl
materials/levels/cxp/leaves_4_cxp_r.mtl
materials/levels/cxp/mud_1_cxp_r.mtl
materials/levels/cxp/river_peebles_cxp.mtl
materials/levels/cxp/rock_forest_brown.mtl
materials/levels/cxp/rock_forest_cxp_r.mtl
materials/levels/cxp/rock_forest_darker.mtl
materials/levels/cxp/soil_2_cxp_r.mtl
materials/levels/cxp/spruce_cxp_dark.mtl
materials/levels/cxp/spruce_cxp_small_trees.mtl
materials/levels/cxp/water_cave.mtl
materials/levels/cxp/water_forest_a.mtl
materials/levels/cxp/water_forest_b.mtl
materials/ocean/ocean_pier.mtl
materials/particle/blast_fall.mtl
materials/particle/bubbles.mtl
materials/particle/damaged_hunter.mtl
materials/particle/exhaust.mtl
materials/particle/fire1.mtl
materials/particle/fire_embers.mtl
materials/particle/fireball_deform.mtl
materials/particle/flare_glow.mtl
materials/particle/glow_explosion.mtl
materials/particle/hunter_sparks.mtl
materials/particle/refraction_muzzle.mtl
materials/particle/refraction_singularity.mtl
materials/particle/refractionweak.mtl
materials/particle/scout_fossil_sparks.mtl
materials/particle/spark_sheet1.mtl
materials/particle/spark_stretched.mtl
materials/particle/spark_stretched1.mtl
materials/particle/spec_water.mtl
materials/particle/tac_shockwave2.mtl
materials/particle/water_deformation_a.mtl
materials/particle/water_ripples.mtl
materials/particle/water_ripples_bullet.mtl
materials/particle/whirlpool.mtl
materials/presets/materialtypes/textures/env_maps/probe_env00.dds
materials/presets/materialtypes/textures/fringe_map.dds
materials/presets/materialtypes/textures/generic_metal_diff.dds
materials/presets/materialtypes/textures/sparks_test.dds
materials/roads/forest_trail_mud.mtl
materials/roads/forest_trail_mud_dark.mtl
materials/sky/sky.mtl
materials/special/collision_proxy.dds
materials/special/collision_proxy_entitiesonly.mtl
materials/special/shadow_proxy.mtl
materials/terrain/cliff_island_is4_3d.mtl
materials/terrain/grass_5.mtl
materials/terrain/ground_earth_village_leaves.mtl
materials/terrain/ground_mossy_4_coast.mtl
materials/terrain/papples_3.mtl
materials/terrain/papples_4.mtl
materials/terrain/pine_needles_4.mtl
materials/terrain/roads/dirt_road_ascention_gray.mtl
materials/terrain/roads/path_dirt_bright.mtl
materials/terrain/roads/river_forest_foam.mtl
music/sdk_music.xml
objects/characters/agent/agent.cdf
objects/characters/agent/agent.mtl
objects/characters/agent/hair.cgf
objects/characters/agent/hands.chr
objects/characters/agent/hands_lod1.chr
objects/characters/agent/head.chr
objects/characters/agent/head_lod1.chr
objects/characters/agent/legs.chr
objects/characters/agent/legs_lod1.chr
objects/characters/agent/legs_lod2.chr
objects/characters/agent/shoes.chr
objects/characters/agent/shoes_lod1.chr
objects/characters/agent/shoes_lod2.chr
objects/characters/agent/skeleton_character.chr
objects/characters/agent/skeleton_character.chrparams
objects/characters/agent/skeleton_character.mtl
objects/characters/agent/textures/basic_hair.dds
objects/characters/agent/textures/basic_hair_spec.dds
objects/characters/agent/textures/eyelash.dds
objects/characters/agent/textures/fabrics.dds
objects/characters/agent/textures/sdk_head_ddn.dds
objects/characters/agent/textures/sdk_head_dif.dds
objects/characters/agent/textures/sdk_legs_ddn.dds
objects/characters/agent/textures/sdk_legs_dif.dds
objects/characters/agent/textures/sdk_torso_ddn.dds
objects/characters/agent/textures/sdk_torso_diff.dds
objects/characters/agent/torso.chr
objects/characters/agent/torso_lod1.chr
objects/characters/agent/torso_lod2.chr
objects/characters/animals/birds/bald_eagle/eagle.cgf
objects/characters/animals/birds/bald_eagle/eagle.mtl
objects/characters/animals/birds/bald_eagle/eagle_diff.dds
objects/characters/animals/birds/bald_eagle/eagle_lod1.cgf
objects/characters/animals/birds/pigeon/pigeon.mtl
objects/characters/animals/birds/pigeon/pigeon_d.dds
objects/characters/animals/birds/pigeon/pigeon_lf.chr
objects/characters/animals/birds/pigeon/pigeon_lf.chrparams
objects/characters/animals/birds/pigeon/pigeon_lf_lod1.chr
objects/characters/animals/birds/pigeon/pigeon_low.dds
objects/characters/animals/birds/pigeon/pigeon_s.dds
objects/characters/animals/birds/seagull/seagull.chr
objects/characters/animals/birds/seagull/seagull.mtl
objects/characters/animals/birds/seagull/seagull_diff.dds
objects/characters/basicplayer.chrparams
objects/characters/heads/eyes/eye_generic.mtl
objects/characters/heads/eyes/eye_generic_02.cgf
objects/characters/heads/eyes/eye_generic_02_lod1.cgf
objects/characters/heads/eyes/eye_reflect.dds
objects/characters/heads/eyes/eye_spec.dds
objects/characters/heads/eyes/eyeball.dds
objects/characters/heads/eyes/eyeball_ddn.dds
objects/characters/heads/eyes/iris.dds
objects/characters/heads/eyes/iris_ddn.dds
objects/characters/heads/neutral_male/head_ddn.dds
objects/characters/heads/neutral_male/head_diff.dds
objects/characters/heads/neutral_male/head_spec.dds
objects/characters/heads/neutral_male/head_sss.dds
objects/characters/heads/neutral_male/uveyeleash_diff.dds
objects/characters/neutral_male/arm_sss.dds
objects/characters/neutral_male/beach_blur.dds
objects/characters/neutral_male/body_ddn.dds
objects/characters/neutral_male/body_diff.dds
objects/characters/neutral_male/body_spec.dds
objects/characters/neutral_male/fabrics.dds
objects/decals/gde_1x1.cgf
objects/decals/gde_1x1.mtl
objects/effects/muzzle_flash_standard.cgf
objects/effects/muzzle_flash_standard.mtl
objects/effects/natural/dry_leaf.mtl
objects/effects/natural/dry_leaf_a.cgf
objects/effects/natural/dry_leaf_b.cgf
objects/effects/natural/forest_ground_leafs.dds
objects/effects/natural/nodraw.mtl
objects/effects/natural/particle_grass_green.dds
objects/effects/natural/particle_grass_green.mtl
objects/effects/natural/particle_grass_green_a.cgf
objects/effects/natural/particle_green_leafs.dds
objects/effects/natural/particle_green_leafs.mtl
objects/effects/natural/particle_green_leafs_a.cgf
objects/effects/natural/particle_green_leafs_b.cgf
objects/effects/natural/particle_green_leafs_d.cgf
objects/effects/natural/particle_ice.dds
objects/effects/natural/particle_ice.mtl
objects/effects/natural/particle_ice_a_small.cgf
objects/effects/natural/particle_rock_b.cgf
objects/effects/natural/tree_leaves.mtl
objects/effects/natural/tree_leaves_c.cgf
objects/effects/particle_effects/broken_wheel.cgf
objects/effects/particle_effects/broken_wheel.mtl
objects/effects/particle_effects/cone.cgf
objects/effects/particle_effects/tire_parts.dds
objects/effects/ring.cgf
objects/hardscape/cxp/fallen_log/cover_tree.cgf
objects/hardscape/cxp/fallen_log/cover_tree_lod1.cgf
objects/hardscape/cxp/fallen_log/cover_tree_lod2.cgf
objects/hardscape/cxp/fallen_log/fallen_log.mtl
objects/library/architecture/village/house_small_b_metal_2.dds
objects/library/architecture/village/house_small_b_metal_2_spec.dds
objects/library/storage/civil/wood_wool.dds
objects/natural/bushes/junglebush/leaves_a.dds
objects/natural/bushes/junglebush/leaves_a_opac.dds
objects/natural/rocks/cliff_rocks/cave_rock_ground.mtl
objects/natural/rocks/cliff_rocks/cliff_rock_a.dds
objects/natural/rocks/cliff_rocks/cliff_rock_a.mtl
objects/natural/rocks/cliff_rocks/cliff_rock_a_med.cgf
objects/natural/rocks/cliff_rocks/cliff_rock_a_med_lod1.cgf
objects/natural/rocks/cliff_rocks/cliff_rock_b.dds
objects/natural/rocks/cliff_rocks/cliff_rock_b.mtl
objects/natural/rocks/cliff_rocks/cliff_rock_b_small.cgf
objects/natural/rocks/cliff_rocks/cliff_rock_b_small_lod1.cgf
objects/natural/rocks/cliff_rocks/cliff_rock_neutral.mtl
objects/natural/rocks/cliff_rocks/cliff_rock_neutral_big_a_con.cgf
objects/natural/rocks/cliff_rocks/cliff_rock_neutral_big_a_con_lod1.cgf
objects/natural/rocks/cliff_rocks/cliff_rock_neutral_big_a_con_lod2.cgf
objects/natural/rocks/cliff_rocks/cliff_rock_neutral_big_b_con.cgf
objects/natural/rocks/cliff_rocks/cliff_rock_neutral_big_b_con_lod1.cgf
objects/natural/rocks/cliff_rocks/cliff_rock_neutral_big_b_con_lod2.cgf
objects/natural/rocks/cliff_rocks/cliff_rock_neutral_con.mtl
objects/natural/rocks/cliff_rocks/cliff_rock_neutral_med_a.cgf
objects/natural/rocks/cliff_rocks/cliff_rock_neutral_med_a_lod1.cgf
objects/natural/rocks/cliff_rocks/con_cliff_rock_d_ddn.dds
objects/natural/rocks/cliff_rocks/con_cliff_rock_d_detail.dds
objects/natural/rocks/cliff_rocks/con_cliff_rock_d_diff.dds
objects/natural/rocks/cliff_rocks/rock_cave_a.cgf
objects/natural/rocks/cliff_rocks/rock_cave_b.cgf
objects/natural/rocks/cliff_rocks/rock_plane_cave_a.cgf
objects/natural/rocks/erosion/erosion.mtl
objects/natural/rocks/erosion/erosion_grass.mtl
objects/natural/rocks/erosion/grass_diff.dds
objects/natural/rocks/erosion/landslide_a.cgf
objects/natural/rocks/erosion/landslide_a_grass.cgf
objects/natural/rocks/erosion/landslide_a_grass_lod1.cgf
objects/natural/rocks/erosion/landslide_a_lod1.cgf
objects/natural/rocks/erosion/landslide_b.cgf
objects/natural/rocks/erosion/landslide_b_lod1.cgf
objects/natural/rocks/erosion/roots_diff.dds
objects/natural/rocks/erosion/soil_diff.dds
objects/natural/rocks/forest_rock/alge.cgf
objects/natural/rocks/forest_rock/deco_rock_forest_a.cgf
objects/natural/rocks/forest_rock/deco_rock_forest_a_lod1.cgf
objects/natural/rocks/forest_rock/deco_rock_forest_b.cgf
objects/natural/rocks/forest_rock/deco_rock_forest_b_lod1.cgf
objects/natural/rocks/forest_rock/deco_rock_forest_c.cgf
objects/natural/rocks/forest_rock/deco_rock_forest_c_lod1.cgf
objects/natural/rocks/forest_rock/deco_rock_forest_dist_a.cgf
objects/natural/rocks/forest_rock/deco_rock_forest_dist_a_lod1.cgf
objects/natural/rocks/forest_rock/deco_rock_forest_dist_b.cgf
objects/natural/rocks/forest_rock/deco_rock_forest_dist_b_lod1.cgf
objects/natural/rocks/forest_rock/deco_rock_forest_ground_a.cgf
objects/natural/rocks/forest_rock/deco_rock_forest_ground_b.cgf
objects/natural/rocks/forest_rock/deco_rock_forest_ground_c.cgf
objects/natural/rocks/forest_rock/deco_rock_forest_river_a.cgf
objects/natural/rocks/forest_rock/deco_rock_forest_river_a_lod1.cgf
objects/natural/rocks/forest_rock/deco_rock_forest_river_b.cgf
objects/natural/rocks/forest_rock/deco_rock_forest_river_b_lod1.cgf
objects/natural/rocks/forest_rock/deco_rock_forest_wall_a.cgf
objects/natural/rocks/forest_rock/deco_rock_forest_wall_a_lod1.cgf
objects/natural/rocks/forest_rock/deco_rock_forest_wall_b.cgf
objects/natural/rocks/forest_rock/deco_rock_forest_wall_b_lod1.cgf
objects/natural/rocks/forest_rock/game_rock_forest_1_a.cgf
objects/natural/rocks/forest_rock/game_rock_forest_3_6_a.cgf
objects/natural/rocks/forest_rock/game_rock_forest_3_6_a_lod1.cgf
objects/natural/rocks/forest_rock/game_rock_forest_3_a.cgf
objects/natural/rocks/forest_rock/game_rock_forest_3_a_lod1.cgf
objects/natural/rocks/forest_rock/game_rock_forest_6_6_a.cgf
objects/natural/rocks/forest_rock/game_rock_forest_6_6_a_lod1.cgf
objects/natural/rocks/forest_rock/larg_a_ddn.dds
objects/natural/rocks/forest_rock/larg_b_ddn.dds
objects/natural/rocks/forest_rock/med_a_ddn.dds
objects/natural/rocks/forest_rock/med_b_ddn.dds
objects/natural/rocks/forest_rock/med_c_ddn.dds
objects/natural/rocks/forest_rock/med_f_ddn.dds
objects/natural/rocks/forest_rock/med_g_ddn.dds
objects/natural/rocks/forest_rock/moss_ddn.dds
objects/natural/rocks/forest_rock/moss_diff.dds
objects/natural/rocks/forest_rock/river_d6_ddn.dds
objects/natural/rocks/forest_rock/river_e7_ddn.dds
objects/natural/rocks/forest_rock/rock_a_mask.dds
objects/natural/rocks/forest_rock/rock_ddn.dds
objects/natural/rocks/forest_rock/rock_diff.dds
objects/natural/rocks/forest_rock/rock_forest.mtl
objects/natural/rocks/forest_rock/rock_forest_a_ddn.dds
objects/natural/rocks/forest_rock/rock_forest_a_diff.dds
objects/natural/rocks/forest_rock/rock_forest_coast.mtl
objects/natural/rocks/forest_rock/rock_forest_coast_wet.mtl
objects/natural/rocks/forest_rock/rock_forest_moss_a_diff.dds
objects/natural/rocks/forest_rock/rock_forest_wall_dark.dds
objects/natural/rocks/forest_rock/rock_forest_wall_ddn.dds
objects/natural/rocks/forest_rock/rock_forest_wall_dif.dds
objects/natural/rocks/forest_rock/rock_forest_wet.mtl
objects/natural/rocks/forest_rock/small_ddn.dds
objects/natural/rocks/forest_rocks/forest_rocks_detail_02.dds
objects/natural/rocks/granite_rocks/granite_rock_group_small_a.cgf
objects/natural/rocks/granite_rocks/granite_rock_group_small_a_lod1.cgf
objects/natural/rocks/granite_rocks/granite_rock_group_small_b.cgf
objects/natural/rocks/granite_rocks/granite_rock_group_small_b_lod1.cgf
objects/natural/rocks/granite_rocks/granite_rock_group_small_c.cgf
objects/natural/rocks/granite_rocks/granite_rock_group_small_c_lod1.cgf
objects/natural/rocks/granite_rocks/granite_rocks.mtl
objects/natural/rocks/granite_rocks/granite_rocks_ddn.dds
objects/natural/rocks/granite_rocks/granite_rocks_diff.dds
objects/natural/rocks/precipice/landslide_rock_small_a.cgf
objects/natural/rocks/precipice/precipice.mtl
objects/natural/rocks/precipice/rock.dds
objects/natural/rocks/precipice/rock_spec.dds
objects/natural/rocks/precipice/soil.dds
objects/natural/rocks/precipice/soil_spec.dds
objects/natural/rocks/sand/pepples_big_a.cgf
objects/natural/rocks/sand/pepples_big_a_lod1.cgf
objects/natural/rocks/sand/pepples_big_a_lod2.cgf
objects/natural/rocks/sand/sand.dds
objects/natural/rocks/sand/sand.mtl
objects/natural/rocks/suitjump_rocks/cliffrock_border.dds
objects/natural/trees/branches/branches.mtl
objects/natural/trees/branches/forest_ground_branches_1_h.cgf
objects/natural/trees/branches/forest_ground_branches_1_h_lod1.cgf
objects/natural/trees/explosion_shape/tree_splinter.cgf
objects/natural/trees/explosion_shape/tree_splinter.mtl
objects/natural/trees/jungle_tree_large/roots.dds
objects/natural/trees/thin_leave_tree/trunk_pino_old1.dds
objects/natural/trees/thin_leave_tree/trunk_pino_old1_spec.dds
objects/natural/trees/x_trees/pine_x_tree/x_small_trees_10_scaled.cgf
objects/natural/trees/x_trees/pine_x_tree/x_small_trees_20.cgf
objects/natural/trees/x_trees/pine_x_tree/x_trees.dds
objects/natural/trees/x_trees/pine_x_tree/x_trees.mtl
objects/natural/trees/x_trees/pine_x_tree/x_trees_10.cgf
objects/natural/trees/x_trees/pine_x_tree/x_trees_20.cgf
objects/natural/trees/x_trees/pine_x_tree/x_trees_x2_20.cgf
objects/natural/vegetation/aspen/aspen.mtl
objects/natural/vegetation/aspen/aspen_leaf_ddn.dds
objects/natural/vegetation/aspen/aspen_leaf_diff.dds
objects/natural/vegetation/aspen/aspen_leaf_spec.dds
objects/natural/vegetation/aspen/aspen_trunk_ddn.dds
objects/natural/vegetation/aspen/aspen_trunk_dead_ddn.dds
objects/natural/vegetation/aspen/aspen_trunk_dead_diff.dds
objects/natural/vegetation/aspen/aspen_trunk_diff.dds
objects/natural/vegetation/aspen/b_aspen_g_dead.cgf
objects/natural/vegetation/aspen/b_aspen_g_dead_lod1.cgf
objects/natural/vegetation/aspen/f_aspen_b.cgf
objects/natural/vegetation/meadow/a_oak_tree_b_dead.cgf
objects/natural/vegetation/meadow/a_oak_tree_b_dead_lod1.cgf
objects/natural/vegetation/meadow/h_ground_grass_a.cgf
objects/natural/vegetation/meadow/h_ground_grass_c.cgf
objects/natural/vegetation/meadow/h_ground_grass_e.cgf
objects/natural/vegetation/meadow/h_roof_grass_a.cgf
objects/natural/vegetation/meadow/meadow_grass_architecture.mtl
objects/natural/vegetation/meadow/meadow_grass_corner.mtl
objects/natural/vegetation/meadow/meadow_grass_diff.dds
objects/natural/vegetation/meadow/oak.mtl
objects/natural/vegetation/meadow/oak_leaf_diff.dds
objects/natural/vegetation/meadow/oak_leaf_spec.dds
objects/natural/vegetation/meadow/oak_trunk_ddn.dds
objects/natural/vegetation/meadow/oak_trunk_diff.dds
objects/natural/vegetation/rocky_ravine/a_spruce_a.cgf
objects/natural/vegetation/rocky_ravine/a_spruce_a_lod1.cgf
objects/natural/vegetation/rocky_ravine/a_spruce_a_lod2.cgf
objects/natural/vegetation/rocky_ravine/a_spruce_c_dead.cgf
objects/natural/vegetation/rocky_ravine/a_spruce_c_dead_lod1.cgf
objects/natural/vegetation/rocky_ravine/a_spruce_d_stump.cgf
objects/natural/vegetation/rocky_ravine/a_spruce_d_stump_lod1.cgf
objects/natural/vegetation/rocky_ravine/b_beech_a.cgf
objects/natural/vegetation/rocky_ravine/b_beech_a_lod1.cgf
objects/natural/vegetation/rocky_ravine/b_spruce_a.cgf
objects/natural/vegetation/rocky_ravine/b_spruce_a_lod1.cgf
objects/natural/vegetation/rocky_ravine/b_spruce_a_lod2.cgf
objects/natural/vegetation/rocky_ravine/b_spruce_b_border.cgf
objects/natural/vegetation/rocky_ravine/b_spruce_b_border_lod1.cgf
objects/natural/vegetation/rocky_ravine/b_spruce_c_dead.cgf
objects/natural/vegetation/rocky_ravine/b_spruce_c_dead_lod1.cgf
objects/natural/vegetation/rocky_ravine/b_spruce_d_leaning.cgf
objects/natural/vegetation/rocky_ravine/b_spruce_d_leaning_lod1.cgf
objects/natural/vegetation/rocky_ravine/b_spruce_d_leaning_lod2.cgf
objects/natural/vegetation/rocky_ravine/b_spruce_e_dead.cgf
objects/natural/vegetation/rocky_ravine/b_spruce_e_dead_lod1.cgf
objects/natural/vegetation/rocky_ravine/beech.mtl
objects/natural/vegetation/rocky_ravine/beech_leaf_ddn.dds
objects/natural/vegetation/rocky_ravine/beech_leaf_diff.dds
objects/natural/vegetation/rocky_ravine/beech_leaf_spec.dds
objects/natural/vegetation/rocky_ravine/beech_tree_leaf_full_ddn.dds
objects/natural/vegetation/rocky_ravine/beech_tree_leaf_full_diff.dds
objects/natural/vegetation/rocky_ravine/beech_tree_leaf_full_spec.dds
objects/natural/vegetation/rocky_ravine/beech_trunk_ddn.dds
objects/natural/vegetation/rocky_ravine/beech_trunk_diff.dds
objects/natural/vegetation/rocky_ravine/c_beech_a.cgf
objects/natural/vegetation/rocky_ravine/c_beech_a_lod1.cgf
objects/natural/vegetation/rocky_ravine/c_beech_b.cgf
objects/natural/vegetation/rocky_ravine/c_beech_b_lod1.cgf
objects/natural/vegetation/rocky_ravine/c_beech_c_twist.cgf
objects/natural/vegetation/rocky_ravine/c_beech_c_twist_lod1.cgf
objects/natural/vegetation/rocky_ravine/c_beech_d_twist.cgf
objects/natural/vegetation/rocky_ravine/c_beech_d_twist_lod1.cgf
objects/natural/vegetation/rocky_ravine/c_beech_e.cgf
objects/natural/vegetation/rocky_ravine/c_beech_f_split.cgf
objects/natural/vegetation/rocky_ravine/c_beech_f_split_lod1.cgf
objects/natural/vegetation/rocky_ravine/c_spruce_a.cgf
objects/natural/vegetation/rocky_ravine/c_spruce_a_lod1.cgf
objects/natural/vegetation/rocky_ravine/c_spruce_a_lod2.cgf
objects/natural/vegetation/rocky_ravine/c_spruce_d_bush.cgf
objects/natural/vegetation/rocky_ravine/c_spruce_d_bush_lod1.cgf
objects/natural/vegetation/rocky_ravine/d_spruce_dead_a.cgf
objects/natural/vegetation/rocky_ravine/d_spruce_dead_a_lod1.cgf
objects/natural/vegetation/rocky_ravine/e_spruce_blocker_b.cgf
objects/natural/vegetation/rocky_ravine/e_spruce_group_a.cgf
objects/natural/vegetation/rocky_ravine/e_spruce_group_a_lod1.cgf
objects/natural/vegetation/rocky_ravine/e_spruce_group_b.cgf
objects/natural/vegetation/rocky_ravine/e_spruce_group_b_lod1.cgf
objects/natural/vegetation/rocky_ravine/e_spruce_group_c.cgf
objects/natural/vegetation/rocky_ravine/e_spruce_group_c_lod1.cgf
objects/natural/vegetation/rocky_ravine/e_spruce_group_d.cgf
objects/natural/vegetation/rocky_ravine/e_spruce_group_d_lod1.cgf
objects/natural/vegetation/rocky_ravine/e_thorn_blocker_a.cgf
objects/natural/vegetation/rocky_ravine/e_thorn_blocker_a_lod1.cgf
objects/natural/vegetation/rocky_ravine/e_thorn_blocker_b.cgf
objects/natural/vegetation/rocky_ravine/e_thorn_blocker_b_lod1.cgf
objects/natural/vegetation/rocky_ravine/f_leaf_plant_a.cgf
objects/natural/vegetation/rocky_ravine/f_leaf_plant_b.cgf
objects/natural/vegetation/rocky_ravine/f_leaf_plant_c.cgf
objects/natural/vegetation/rocky_ravine/f_leaf_plant_d.cgf
objects/natural/vegetation/rocky_ravine/f_scrub_a.cgf
objects/natural/vegetation/rocky_ravine/f_scrub_b.cgf
objects/natural/vegetation/rocky_ravine/f_scrub_b_lod1.cgf
objects/natural/vegetation/rocky_ravine/f_scrub_c.cgf
objects/natural/vegetation/rocky_ravine/f_scrub_c_lod1.cgf
objects/natural/vegetation/rocky_ravine/f_spruce_bush_a.cgf
objects/natural/vegetation/rocky_ravine/f_spruce_bush_b.cgf
objects/natural/vegetation/rocky_ravine/f_spruce_bush_c.cgf
objects/natural/vegetation/rocky_ravine/f_thorn_a.cgf
objects/natural/vegetation/rocky_ravine/f_thorn_b.cgf
objects/natural/vegetation/rocky_ravine/f_thorn_back_a.cgf
objects/natural/vegetation/rocky_ravine/g_beech_branches_a.cgf
objects/natural/vegetation/rocky_ravine/g_beech_branches_b.cgf
objects/natural/vegetation/rocky_ravine/g_beech_branches_c.cgf
objects/natural/vegetation/rocky_ravine/g_mushrooms_flat_a.cgf
objects/natural/vegetation/rocky_ravine/g_mushrooms_flat_b.cgf
objects/natural/vegetation/rocky_ravine/g_spruce_branches_b.cgf
objects/natural/vegetation/rocky_ravine/g_spruce_branches_c.cgf
objects/natural/vegetation/rocky_ravine/g_spruce_dead_a.cgf
objects/natural/vegetation/rocky_ravine/g_spruce_dead_a_lod1.cgf
objects/natural/vegetation/rocky_ravine/g_spruce_dead_b.cgf
objects/natural/vegetation/rocky_ravine/g_spruce_dead_b_lod1.cgf
objects/natural/vegetation/rocky_ravine/g_spruce_fall.cgf
objects/natural/vegetation/rocky_ravine/g_spruce_fall_stand.cgf
objects/natural/vegetation/rocky_ravine/g_spruce_root_a.cgf
objects/natural/vegetation/rocky_ravine/g_spruce_root_a_lod1.cgf
objects/natural/vegetation/rocky_ravine/g_spruce_stump_a.cgf
objects/natural/vegetation/rocky_ravine/g_spruce_stump_b.cgf
objects/natural/vegetation/rocky_ravine/g_thorn_a.cgf
objects/natural/vegetation/rocky_ravine/g_thorn_b.cgf
objects/natural/vegetation/rocky_ravine/h_beech_roof_c.cgf
objects/natural/vegetation/rocky_ravine/scrub.mtl
objects/natural/vegetation/rocky_ravine/scrub_diff.dds
objects/natural/vegetation/rocky_ravine/spruce.mtl
objects/natural/vegetation/rocky_ravine/spruce_leaf_ddn.dds
objects/natural/vegetation/rocky_ravine/spruce_leaf_diff.dds
objects/natural/vegetation/rocky_ravine/spruce_leaf_spec.dds
objects/natural/vegetation/rocky_ravine/spruce_trunk_ddn.dds
objects/natural/vegetation/rocky_ravine/spruce_trunk_dead_ddn.dds
objects/natural/vegetation/rocky_ravine/spruce_trunk_dead_diff.dds
objects/natural/vegetation/rocky_ravine/spruce_trunk_diff.dds
objects/natural/vegetation/rocky_ravine/spruce_xtree_diff.dds
objects/natural/vegetation/rocky_ravine/thorn.mtl
objects/natural/vegetation/rocky_ravine/thorn_ddn.dds
objects/natural/vegetation/rocky_ravine/thorn_diff_cxp.dds
objects/natural/vegetation/rocky_ravine/thorn_spec.dds
objects/natural/water/waterfall/river_forest_foam_ddn.dds
objects/natural/water/waterfall/waterfall.mtl
objects/natural/water/waterfall/waterfall_cxp_a.cgf
objects/natural/water/waterfall/waterfall_cxp_b.cgf
objects/natural/water/waterfall/waterfall_cxp_c.cgf
objects/placeholders/old_rocks/rock_large01.cgf
objects/placeholders/old_rocks/rock_large01.mtl
objects/props/furniture/beds/bed_wodden_b.mtl
objects/props/furniture/beds/bed_wooden.cgf
objects/props/furniture/beds/bed_wooden.dds
objects/props/furniture/beds/pillow.cgf
objects/props/furniture/beds/pillow_lod1.cgf
objects/props/furniture/benches/bench.mtl
objects/props/furniture/benches/bench_a.cgf
objects/props/furniture/benches/bench_a_lod1.cgf
objects/props/furniture/benches/bench_b.cgf
objects/props/furniture/benches/bench_c.cgf
objects/props/furniture/benches/bench_ddn.dds
objects/props/furniture/benches/bench_diff.dds
objects/props/furniture/benches/bench_spec.dds
objects/props/furniture/fireplace/fireplace_a.cgf
objects/props/furniture/fireplace/fireplace_a.mtl
objects/props/furniture/fireplace/fireplace_a_lod1.cgf
objects/props/furniture/shelves/house_small_a_walls.dds
objects/props/furniture/shelves/house_small_a_walls_spec.dds
objects/props/furniture/shelves/shelf_wooden_100_150_b_con.cgf
objects/props/furniture/shelves/shelf_wooden_150_50_a_con.cgf
objects/props/furniture/shelves/shelf_wooden_con.mtl
objects/props/furniture/wooden/wood_chair_a.cgf
objects/props/furniture/wooden/wood_furniture.mtl
objects/props/furniture/wooden/wood_table_a.cgf
objects/props/maritime/fishes/fishes_diff.dds
objects/props/maritime/fishing_net/fishing_net.cgf
objects/props/maritime/fishing_net/fishing_net.mtl
objects/props/maritime/fishing_net/fishing_net_ddn.dds
objects/props/maritime/fishing_net/fishing_net_diff.dds
objects/props/maritime/fishing_net/fishing_net_lod1.cgf
objects/props/maritime/lifebelt_rack/lifebelt_rack.dds
objects/props/maritime/lifebelt_rack/lifebelt_rack.mtl
objects/props/maritime/lifebelt_rack/lifebelt_rack_a.cgf
objects/props/maritime/lifebelt_rack/lifebelt_spec.dds
objects/props/maritime/lobster_cage/frame_ddn.dds
objects/props/maritime/lobster_cage/frame_diff.dds
objects/props/maritime/lobster_cage/lobster_cage.cgf
objects/props/maritime/lobster_cage/lobster_cage.mtl
objects/props/maritime/lobster_cage/lobster_cage_lod1.cgf
objects/props/maritime/lobster_cage/lobster_cage_lod2.cgf
objects/props/maritime/lobster_cage/rope_ddn.dds
objects/props/maritime/lobster_cage/rope_diff.dds
objects/props/maritime/lobster_cage/rope_spec.dds
objects/props/maritime/windsock/windsock.cga
objects/props/maritime/windsock/windsock.dds
objects/props/maritime/windsock/windsock.mtl
objects/props/maritime/windsock/windsock_spec.dds
objects/props/maritime/wooden_dock/wooden_dock.mtl
objects/props/maritime/wooden_dock/wooden_dock_01a.cgf
objects/props/maritime/wooden_dock/wooden_dock_01a_lod1.cgf
objects/props/maritime/wooden_dock/wooden_dock_01a_lod2.cgf
objects/props/maritime/wooden_dock/wooden_dock_01b.cgf
objects/props/maritime/wooden_dock/wooden_dock_01b_lod1.cgf
objects/props/maritime/wooden_dock/wooden_dock_01b_lod2.cgf
objects/props/maritime/wooden_dock/wooden_dock_02a.cgf
objects/props/maritime/wooden_dock/wooden_dock_02a_lod1.cgf
objects/props/maritime/wooden_dock/wooden_dock_02a_lod2.cgf
objects/props/maritime/wooden_dock/wooden_dock_ddn.dds
objects/props/maritime/wooden_dock/wooden_dock_diff.dds
objects/props/maritime/wooden_dock/wooden_dock_plank02.cgf
objects/props/maritime/wooden_dock/wooden_dock_pole01.cgf
objects/props/maritime/wooden_dock/wooden_dock_pole02.cgf
objects/props/maritime/wooden_dock/wooden_dock_top.cgf
objects/props/maritime/wooden_dock/wooden_dock_top_lod1.cgf
objects/props/maritime/wooden_dock/wooden_dock_top_lod2.cgf
objects/props/mine/boards_exit_a.cgf
objects/props/mine/boards_exit_a_lod1.cgf
objects/props/mine/boards_exit_broken.cgf
objects/props/mine/chaff.mtl
objects/props/mine/chaff_ddn.dds
objects/props/mine/chaff_diff.dds
objects/props/mine/entrance_a.cgf
objects/props/mine/entrance_a_lod1.cgf
objects/props/mine/entrance_a_lod2.cgf
objects/props/mine/fence_low_a.cgf
objects/props/mine/hanging_cloth.cgf
objects/props/mine/hanging_cloth_ddn.dds
objects/props/mine/hanging_cloth_diff.dds
objects/props/mine/hangingcloth.mtl
objects/props/mine/lamp_ddn.dds
objects/props/mine/lamp_diff.dds
objects/props/mine/lamp_post/lamp_hanging.cgf
objects/props/mine/lamp_post/lamp_post.mtl
objects/props/mine/lamp_post/lamp_post_01a.cgf
objects/props/mine/lamp_post/lamp_post_01a_lod1.cgf
objects/props/mine/lamp_post/lamp_post_01c.cgf
objects/props/mine/lamp_post/lamp_post_01c_lod1.cgf
objects/props/mine/lamp_post/lamp_post_02a.cgf
objects/props/mine/lamp_post/lamp_post_02a_lod1.cgf
objects/props/mine/lamp_post/lamp_post_ddn.dds
objects/props/mine/lamp_post/lamp_post_diff.dds
objects/props/mine/lamp_post/lamp_post_spec.dds
objects/props/mine/lamp_post/power_pole_01a.cgf
objects/props/mine/lamp_post/power_pole_01a_lod1.cgf
objects/props/mine/lamp_post/power_pole_01a_lod2.cgf
objects/props/mine/minecart_a.cgf
objects/props/mine/minecart_a_lod1.cgf
objects/props/mine/minecart_a_lod2.cgf
objects/props/mine/minecart_pile.cgf
objects/props/mine/mines.mtl
objects/props/mine/mines_ddn.dds
objects/props/mine/mines_diff.dds
objects/props/mine/mines_spec.dds
objects/props/mine/mining_lamp.mtl
objects/props/mine/mining_lamp_a.cgf
objects/props/mine/mining_lamp_a_lod1.cgf
objects/props/mine/mining_lamp_b.cgf
objects/props/mine/mining_lamp_b_lod1.cgf
objects/props/mine/mining_lamp_off.mtl
objects/props/mine/overhang_a.cgf
objects/props/mine/overhang_a_lod1.cgf
objects/props/mine/pile_a.cgf
objects/props/mine/plank_straight.cgf
objects/props/mine/planks_floor.cgf
objects/props/mine/platform_a.cgf
objects/props/mine/platform_a_lod1.cgf
objects/props/mine/platform_a_lod2.cgf
objects/props/mine/platform_b.cgf
objects/props/mine/platform_b_lod1.cgf
objects/props/mine/platform_b_lod2.cgf
objects/props/mine/platform_steps.cgf
objects/props/mine/platform_steps_lod1.cgf
objects/props/mine/platform_steps_lod2.cgf
objects/props/mine/pole03.cgf
objects/props/mine/pole_wires_a.cgf
objects/props/mine/pole_wires_a_lod1.cgf
objects/props/mine/random_woodplanks.cgf
objects/props/mine/random_woodplanks_lod1.cgf
objects/props/mine/random_woodplanks_lod2.cgf
objects/props/mine/shack_a.cgf
objects/props/mine/shack_b.cgf
objects/props/mine/shack_c.cgf
objects/props/mine/stairs_b.cgf
objects/props/mine/stairs_b_lod1.cgf
objects/props/mine/stairs_b_lod2.cgf
objects/props/mine/track_right01.cgf
objects/props/mine/track_right01_lod1.cgf
objects/props/mine/track_straight01.cgf
objects/props/mine/track_straight01_lod1.cgf
objects/props/mine/track_straight_broken.cgf
objects/props/mine/warning_ddn.dds
objects/props/mine/warning_diff.dds
objects/props/mine/warningsign.cgf
objects/props/mine/warningsign.mtl
objects/props/mine/xframes_b.cgf
objects/props/mine/xframes_b_lod1.cgf
objects/props/mine/xframes_b_lod2.cgf
objects/props/misc/junk/junk_pile/junk.mtl
objects/props/misc/junk/junk_pile/junk_a.cgf
objects/props/misc/junk/junk_pile/junk_a_lod1.cgf
objects/props/misc/junk/junk_pile/junk_b.cgf
objects/props/misc/junk/junk_pile/junk_b_lod1.cgf
objects/props/misc/junk/junk_pile/junk_c.cgf
objects/props/misc/junk/junk_pile/junk_c_lod1.cgf
objects/props/misc/old_gas_pump/old_gas_pump_01.cgf
objects/props/misc/old_gas_pump/old_gas_pump_01.mtl
objects/props/misc/old_gas_pump/old_gas_pump_01_lod1.cgf
objects/props/misc/old_gas_pump/old_gas_pump_01_lod2.cgf
objects/props/misc/old_gas_pump/old_gas_pump_ddn.dds
objects/props/misc/old_gas_pump/old_gas_pump_diff.dds
objects/props/misc/old_gas_pump/old_gas_pump_spec.dds
objects/props/misc/shrine/candle/shrine_candle_ddn.dds
objects/props/misc/shrine/candle/shrine_candle_diff.dds
objects/props/misc/shrine/candle/shrine_candle_spec.dds
objects/props/misc/shrine/wooden_shrine_a.mtl
objects/props/misc/shrine/wooden_shrine_b.cgf
objects/props/misc/shrine/wooden_shrine_b_lod1.cgf
objects/props/misc/shrine/wooden_shrine_c.cgf
objects/props/misc/shrine/wooden_shrine_c_lod1.cgf
objects/props/misc/shrine/wooden_shrines_diff.dds
objects/props/misc/shrine/wooden_shrines_spec.dds
objects/props/misc/stacked_logs/log_path_a.cgf
objects/props/misc/stacked_logs/stacked_logs.mtl
objects/props/misc/stacked_logs/stacked_logs_ddn.dds
objects/props/misc/stacked_logs/stacked_logs_diff.dds
objects/props/misc/stacked_logs/stacked_logs_full_2m_a.cgf
objects/props/misc/stacked_logs/stacked_logs_full_2m_a_lod1.cgf
objects/props/misc/stacked_logs/stacked_logs_half_4m_a.cgf
objects/props/misc/stacked_logs/stacked_logs_half_4m_a_lod1.cgf
objects/props/misc/stacked_logs/stacked_logs_patch_a.cgf
objects/props/misc/stacked_logs/stacked_logs_patch_e.cgf
objects/props/misc/vending_machine/vending_machine.cgf
objects/props/misc/vending_machine/vending_machine.mtl
objects/props/misc/vending_machine/vending_machine_ddn.dds
objects/props/misc/vending_machine/vending_machine_diff.dds
objects/props/misc/vending_machine/vending_machine_lod1.cgf
objects/props/misc/vending_machine/vending_machine_spec.dds
objects/props/misc/wooden_barrel/wooden_barrel.dds
objects/props/misc/wooden_barrel/wooden_barrel.mtl
objects/props/misc/wooden_barrel/wooden_barrel_a.cgf
objects/props/misc/wooden_barrel/wooden_barrel_a_lod1.cgf
objects/props/misc/wooden_barrel/wooden_barrel_a_lod2.cgf
objects/props/misc/wooden_barrel/wooden_barrel_a_open.cgf
objects/props/misc/wooden_barrel/wooden_barrel_a_open_lod1.cgf
objects/props/misc/wooden_barrel/wooden_barrel_a_open_lod2.cgf
objects/props/misc/wooden_barrel/wooden_barrel_b.cgf
objects/props/misc/wooden_barrel/wooden_barrel_ddn.dds
objects/props/misc/wooden_barrel/wooden_barrel_fishes.mtl
objects/props/misc/wooden_barrel/wooden_barrel_fishes_a.cgf
objects/props/misc/wooden_barrel/wooden_barrel_fishes_a_lod1.cgf
objects/props/misc/wooden_barrel/wooden_barrel_fishes_a_lod2.cgf
objects/props/misc/wooden_barrel/wooden_barrel_spec.dds
objects/props/misc/wooden_barrel/wooden_barrel_water.mtl
objects/props/misc/wooden_barrel/wooden_bucket_a.cgf
objects/props/misc/wooden_barrel/wooden_bucket_c.cgf
objects/props/storage/civil/basic_box.cgf
objects/props/storage/civil/civil_boxes.mtl
objects/props/storage/civil/planks_a.dds
objects/props/storage/civil/planks_a_spec.dds
objects/props/storage/crates/palette.mtl
objects/props/storage/crates/palette_a.dds
objects/props/storage/crates/palette_mp.cgf
objects/structures/buildings/fishing_houses/fishing_door_c.cgf
objects/structures/buildings/fishing_houses/fishing_house_a.cgf
objects/structures/buildings/fishing_houses/fishing_house_a_lod1.cgf
objects/structures/buildings/fishing_houses/fishing_house_a_lod2.cgf
objects/structures/buildings/fishing_houses/fishing_house_a_lod3.cgf
objects/structures/buildings/fishing_houses/fishing_house_c.cgf
objects/structures/buildings/fishing_houses/fishing_house_c.mtl
objects/structures/buildings/fishing_houses/fishing_house_c_green.mtl
objects/structures/buildings/fishing_houses/fishing_house_c_lod1.cgf
objects/structures/buildings/fishing_houses/fishing_house_c_lod2.cgf
objects/structures/buildings/fishing_houses/fishing_house_c_mod_awning.cgf
objects/structures/buildings/fishing_houses/fishing_house_c_mod_awning_lod1.cgf
objects/structures/buildings/fishing_houses/fishing_house_c_mod_door.cgf
objects/structures/buildings/fishing_houses/fishing_house_c_mod_epole.cgf
objects/structures/buildings/fishing_houses/fishing_house_c_mod_epole_lod1.cgf
objects/structures/buildings/fishing_houses/fishing_house_c_mod_epole_lod2.cgf
objects/structures/buildings/fishing_houses/fishing_house_c_mod_roof.cgf
objects/structures/buildings/fishing_houses/fishing_house_c_mod_roof_lod1.cgf
objects/structures/buildings/fishing_houses/fishing_house_c_mod_win.cgf
objects/structures/buildings/fishing_houses/fishing_house_c_mod_winsmall.cgf
objects/structures/buildings/fishing_houses/fishing_house_door_a.cgf
objects/structures/buildings/fishing_houses/fishing_house_roof_window.cgf
objects/structures/buildings/fishing_houses/fishing_house_shelter.cgf
objects/structures/buildings/fishing_houses/fishing_houses.mtl
objects/structures/buildings/fishing_houses/fishing_houses_beam.dds
objects/structures/buildings/fishing_houses/fishing_houses_beam_ddn.dds
objects/structures/buildings/fishing_houses/fishing_houses_blue.mtl
objects/structures/buildings/fishing_houses/fishing_houses_cheminee.dds
objects/structures/buildings/fishing_houses/fishing_houses_cheminee_ddn.dds
objects/structures/buildings/fishing_houses/fishing_houses_curtains_ddn.dds
objects/structures/buildings/fishing_houses/fishing_houses_curtains_diff.dds
objects/structures/buildings/fishing_houses/fishing_houses_red.mtl
objects/structures/buildings/fishing_houses/fishing_houses_roof.dds
objects/structures/buildings/fishing_houses/fishing_houses_roof_b_ddn.dds
objects/structures/buildings/fishing_houses/fishing_houses_roof_b_diff.dds
objects/structures/buildings/fishing_houses/fishing_houses_roof_b_dirt.dds
objects/structures/buildings/fishing_houses/fishing_houses_roof_ddn.dds
objects/structures/buildings/fishing_houses/fishing_houses_roof_dirt.dds
objects/structures/buildings/fishing_houses/fishing_houses_specific.dds
objects/structures/buildings/fishing_houses/fishing_houses_specific_ddn.dds
objects/structures/buildings/fishing_houses/fishing_houses_wood_planks.dds
objects/structures/buildings/fishing_houses/fishing_houses_wood_planks_b_ddn.dds
objects/structures/buildings/fishing_houses/fishing_houses_wood_planks_b_diff.dds
objects/structures/buildings/fishing_houses/fishing_houses_wood_planks_b_dirt.dds
objects/structures/buildings/fishing_houses/fishing_houses_wood_planks_ddn.dds
objects/structures/buildings/fishing_houses/fishing_houses_wood_planks_paint.dds
objects/structures/buildings/fishing_houses/fishing_houses_wood_trims_ddn.dds
objects/structures/buildings/fishing_houses/fishing_houses_wood_trims_diff.dds
objects/structures/buildings/fishing_houses/glass.dds
objects/structures/buildings/fishing_houses/wood_chair.cgf
objects/structures/buildings/fishing_houses/wood_table.cgf
objects/structures/buildings/forest_cabin/forest_cabin.cgf
objects/structures/buildings/forest_cabin/forest_cabin.mtl
objects/structures/buildings/forest_cabin/forest_cabin_details_a_ddn.dds
objects/structures/buildings/forest_cabin/forest_cabin_details_a_diff.dds
objects/structures/buildings/forest_cabin/forest_cabin_door.cgf
objects/structures/buildings/forest_cabin/forest_cabin_lod1.cgf
objects/structures/buildings/forest_cabin/forest_cabin_lod2.cgf
objects/structures/buildings/lighthouse/lighthouse.mtl
objects/structures/buildings/lighthouse/lighthouse_a.cgf
objects/structures/buildings/lighthouse/lighthouse_alpha.dds
objects/structures/buildings/lighthouse/lighthouse_alpha_ddn.dds
objects/structures/buildings/lighthouse/lighthouse_b.cgf
objects/structures/buildings/lighthouse/lighthouse_decal.dds
objects/structures/buildings/lighthouse/lighthouse_door.cgf
objects/structures/buildings/lighthouse/lighthouse_door.dds
objects/structures/buildings/lighthouse/lighthouse_door_ddn.dds
objects/structures/buildings/lighthouse/lighthouse_glass.dds
objects/structures/buildings/lighthouse/lighthouse_info_sign.cgf
objects/structures/buildings/lighthouse/lighthouse_interior.mtl
objects/structures/buildings/lighthouse/lighthouse_interior_base.cgf
objects/structures/buildings/lighthouse/lighthouse_interior_base_lod1.cgf
objects/structures/buildings/lighthouse/lighthouse_interior_level01.cgf
objects/structures/buildings/lighthouse/lighthouse_interior_level01_lod1.cgf
objects/structures/buildings/lighthouse/lighthouse_interior_level02.cgf
objects/structures/buildings/lighthouse/lighthouse_interior_level02_lod1.cgf
objects/structures/buildings/lighthouse/lighthouse_interior_level03.cgf
objects/structures/buildings/lighthouse/lighthouse_interior_level03_lod1.cgf
objects/structures/buildings/lighthouse/lighthouse_light.cgf
objects/structures/buildings/lighthouse/lighthouse_light.dds
objects/structures/buildings/lighthouse/lighthouse_light_ddn.dds
objects/structures/buildings/lighthouse/lighthouse_light_lod1.cgf
objects/structures/buildings/lighthouse/lighthouse_light_lod2.cgf
objects/structures/buildings/lighthouse/lighthouse_light_lod3.cgf
objects/structures/buildings/lighthouse/lighthouse_metal_a.dds
objects/structures/buildings/lighthouse/lighthouse_metal_a_ddn.dds
objects/structures/buildings/lighthouse/lighthouse_metal_b.dds
objects/structures/buildings/lighthouse/lighthouse_metal_b_ddn.dds
objects/structures/buildings/lighthouse/lighthouse_metal_c.dds
objects/structures/buildings/lighthouse/lighthouse_metal_d.dds
objects/structures/buildings/lighthouse/lighthouse_metal_d_ddn.dds
objects/structures/buildings/lighthouse/lighthouse_stucco.dds
objects/structures/buildings/lighthouse/lighthouse_stucco_blend.dds
objects/structures/buildings/lighthouse/lighthouse_stucco_blend_ddn.dds
objects/structures/buildings/lighthouse/lighthouse_stucco_ddn.dds
objects/structures/buildings/lighthouse/lighthouse_stucco_mask.dds
objects/structures/buildings/lighthouse/lighthouse_trims.dds
objects/structures/buildings/lighthouse/lighthouse_trims_ddn.dds
objects/structures/buildings/lighthouse/lighthouse_windows.dds
objects/structures/buildings/lighthouse/ligthhouse_metal.dds
objects/structures/buildings/lighthouse/ligthhouse_metal_ddn.dds
objects/structures/buildings/lighthouse/metal_door.cgf
objects/structures/ladders/mp_ladder1.cgf
objects/structures/ladders/mp_ladder1.mtl
objects/structures/ladders/rustyladdermetal.dds
objects/structures/ladders/rustyladdermetal_ddn.dds
objects/structures/paths/tunnels/tunnel.mtl
objects/structures/paths/tunnels/tunnel_a.cgf
objects/structures/paths/wooden_pathway/wooden_pathway.mtl
objects/structures/paths/wooden_pathway/woodpath_4m.cgf
objects/structures/paths/wooden_pathway/woodpath_4m_lod1.cgf
objects/structures/paths/wooden_pathway/woodpath_5m_broken.cgf
objects/structures/paths/wooden_pathway/woodpath_5m_broken_lod1.cgf
objects/structures/paths/wooden_pathway/woodpath_5m_broken_lod2.cgf
objects/structures/paths/wooden_pathway/woodpath_8m.cgf
objects/structures/paths/wooden_pathway/woodpath_8m_lod1.cgf
objects/structures/paths/wooden_pathway/woodpath_8m_lod2.cgf
objects/structures/paths/wooden_pathway/woodpath_beam.cgf
objects/structures/paths/wooden_pathway/woodpath_pillars_4m.cgf
objects/structures/paths/wooden_pathway/woodpath_platform.cgf
objects/structures/paths/wooden_pathway/woodpath_platform_lod1.cgf
objects/structures/paths/wooden_pathway/woodpath_platform_lod2.cgf
objects/structures/paths/wooden_pathway/woodpath_pole.cgf
objects/structures/paths/wooden_pathway/woodpath_rail_2m.cgf
objects/structures/paths/wooden_pathway/woodpath_rail_2m_broken.cgf
objects/structures/paths/wooden_pathway/woodpath_rail_4m.cgf
objects/structures/paths/wooden_pathway/woodpath_rock_stair.cgf
objects/structures/paths/wooden_pathway/woodpath_rock_stair_lod1.cgf
objects/structures/paths/wooden_pathway/woodpath_rock_stair_lod2.cgf
objects/structures/ruins/forest_ruin/forest_ruin.cgf
objects/structures/ruins/forest_ruin/forest_ruin.mtl
objects/structures/ruins/forest_ruin/forest_ruin_lod1.cgf
objects/structures/ruins/forest_ruin/forest_ruin_lod2.cgf
objects/structures/ruins/forest_ruin/forest_ruin_lod3.cgf
objects/structures/ruins/forest_ruin/forest_ruin_wall_a.cgf
objects/structures/ruins/forest_ruin/forest_ruin_wall_a_lod1.cgf
objects/structures/ruins/forest_ruin/forest_ruin_wall_a_lod2.cgf
objects/structures/ruins/forest_ruin/forest_ruin_wall_b.cgf
objects/structures/ruins/forest_ruin/forest_ruin_wall_b_lod1.cgf
objects/structures/ruins/forest_ruin/forest_ruin_wall_b_lod2.cgf
objects/structures/ruins/forest_ruin/forest_ruin_wall_c.cgf
objects/structures/ruins/forest_ruin/forest_ruin_wall_c_lod1.cgf
objects/structures/walls/road_wall/road_bank_a_water.cgf
objects/structures/walls/road_wall/road_bank_a_water_lod1.cgf
objects/structures/walls/road_wall/road_wall.mtl
objects/vehicles/fisher_boat/buoy.cgf
objects/vehicles/fisher_boat/buoy.dds
objects/vehicles/fisher_boat/buoy.mtl
objects/vehicles/fisher_boat/buoy_ddn.dds
objects/vehicles/fisher_boat/buoy_rope_1.cgf
objects/vehicles/fisher_boat/buoy_rope_2.cgf
objects/vehicles/fisher_boat/buoy_spec.dds
objects/vehicles/fisher_boat/fishing_boat.cgf
objects/vehicles/fisher_boat/fishing_boat.dds
objects/vehicles/fisher_boat/fishing_boat.mtl
objects/vehicles/fisher_boat/fishing_boat_ddn.dds
objects/vehicles/fisher_boat/fishing_boat_green.mtl
objects/vehicles/fisher_boat/fishing_boat_lod1.cgf
objects/vehicles/fisher_boat/fishing_boat_lod2.cgf
objects/vehicles/fisher_boat/fishing_boat_lod3.cgf
objects/vehicles/fisher_boat/fishing_boat_spec.dds
objects/vehicles/fisher_boat/fishing_boat_white.mtl
objects/vehicles/fisher_boat/lifebelt_rope.cgf
objects/vehicles/fisher_boat/lifering.cgf
objects/vehicles/fisher_boat/lifering.dds
objects/vehicles/fisher_boat/lifering.mtl
objects/vehicles/fisher_boat/lifering_ddn.dds
objects/vehicles/fisher_boat/lifering_lod1.cgf
objects/vehicles/fisher_boat/lifering_lod2.cgf
objects/vehicles/fisher_boat/lifering_spec.dds
objects/vehicles/fisher_boat/outboard_motor.cgf
objects/vehicles/fisher_boat/outboard_motor.dds
objects/vehicles/fisher_boat/outboard_motor.mtl
objects/vehicles/fisher_boat/outboard_motor_ddn.dds
objects/vehicles/fisher_boat/outboard_motor_lod1.cgf
objects/vehicles/fisher_boat/outboard_motor_lod2.cgf
objects/vehicles/fisher_boat/outboard_motor_spec.dds
objects/vehicles/us_cargoplane_damaged/body_burnt_diffuse.dds
objects/vehicles/us_cargoplane_damaged/debris.dds
objects/vehicles/us_cargoplane_damaged/debris.mtl
objects/vehicles/us_cargoplane_damaged/debris2.cgf
objects/vehicles/us_cargoplane_damaged/debris3.cgf
objects/vehicles/us_cargoplane_damaged/debris4.cgf
objects/vehicles/us_cargoplane_damaged/nodraw.mtl
objects/weapons/agent_fp/agent_fp_global.chr
objects/weapons/agent_fp/agent_fp_global.chrparams
objects/weapons/agent_fp/agent_fp_global.mtl
objects/weapons/agent_fp/textures/agent_fp_ddn.dds
objects/weapons/agent_fp/textures/agent_fp_dif.dds
objects/weapons/agent_fp/textures/agent_fp_spec.dds
objects/weapons/binoculars/binoculars_fp.chr
objects/weapons/binoculars/binoculars_fp.chrparams
objects/weapons/binoculars/binoculars_tp.cgf
objects/weapons/binoculars/binoculars_tp.mtl
objects/weapons/binoculars/textures/binocular_diff.dds
objects/weapons/binoculars/textures/google_ddn.dds
objects/weapons/binoculars/textures/google_diff.dds
objects/weapons/muzzle_flash/mf_m4_fpv.cgf
objects/weapons/muzzle_flash/mf_m4_fpv00.dds
objects/weapons/muzzle_flash/mf_m4_tp.mtl
objects/weapons/muzzle_flash/mf_m4_tpv00.dds
objects/weapons/rocket_launcher/rocket_launcher_fp.chr
objects/weapons/rocket_launcher/rocket_launcher_fp.chrparams
objects/weapons/rocket_launcher/rocket_launcher_fp.mtl
objects/weapons/rocket_launcher/rocket_launcher_tp.cgf
objects/weapons/rocket_launcher/rocket_launcher_tp.mtl
objects/weapons/rocket_launcher/textures/crosshair.dds
objects/weapons/rocket_launcher/textures/rocket_launcher.dds
objects/weapons/rocket_launcher/textures/rocket_launcher_ddn.dds
objects/weapons/rocket_launcher/textures/rocket_launcher_scope_ddn.dds
objects/weapons/rocket_launcher/textures/rocket_launcher_scope_diff.dds
objects/weapons/rocket_launcher/textures/rocket_launcher_scope_spec.dds
objects/weapons/rocket_launcher/textures/rocket_launcher_spec.dds
objects/weapons/rocket_launcher/textures/rocket_main.dds
objects/weapons/rocket_launcher/textures/rocket_main_ddn.dds
objects/weapons/rocket_launcher/textures/rocket_main_spec.dds
objects/weapons/rockets/sidewinder/sidewinder.cgf
objects/weapons/rockets/sidewinder/sidewinder.dds
objects/weapons/rockets/sidewinder/sidewinder.mtl
objects/weapons/rockets/sidewinder/sidewinder_spec.dds
objects/weapons/scar/case_a.dds
objects/weapons/scar/case_a_ddn.dds
objects/weapons/scar/case_a_spec.dds
objects/weapons/scar/case_b.dds
objects/weapons/scar/case_b_ddn.dds
objects/weapons/scar/case_b_spec.dds
objects/weapons/scar/noise_ddn.dds
objects/weapons/scar/ny_cubemap.dds
objects/weapons/scar/scar_fp.chr
objects/weapons/scar/scar_fp.chrparams
objects/weapons/scar/scar_fp.mtl
objects/weapons/scar/scar_tp.cgf
objects/weapons/scar/scar_tp.mtl
objects/weapons/shells/shell_5,56.dds
objects/weapons/shells/shell_5,56.mtl
objects/weapons/shells/shell_5,56_spec.dds
objects/weapons/shells/shell_556.cgf
objects/weapons/shells/shell_556.dds
objects/weapons/shells/shell_556.mtl
objects/weapons/shells/shell_556_ddn.dds
objects/weapons/shells/shell_556_spec.dds
objects/weapons/shells/shell_9.mtl
objects/weapons/shells/shell_9mm.cgf
objects/weapons/shells/shell_9mm.dds
objects/weapons/shells/shell_9mm_ddn.dds
objects/weapons/us/frag_grenade/frag_grenade.dds
objects/weapons/us/frag_grenade/frag_grenade.mtl
objects/weapons/us/frag_grenade/frag_grenade_left_fp.chr
objects/weapons/us/frag_grenade/frag_grenade_left_fp.chrparams
objects/weapons/us/frag_grenade/frag_grenade_spec.dds
objects/weapons/us/frag_grenade/frag_grenade_tp_inair.cgf
objects/weapons/us/nw/nw_arms_fp.chr
objects/weapons/us/nw/nw_arms_fp.chrparams
objects/weapons/us/nw/sdk_character_male.mtl
objects/weapons/us/scar/mf_scar_tp22.mtl
objects/weapons/us/scar/mf_scar_tpv_short2.cgf
objects/weapons/us/shotgun/mf_scar_tp22.mtl
objects/weapons/us/shotgun/mf_shotgun_tp_long1.mtl
objects/weapons/us/shotgun/mf_shotgun_tp_short1.mtl
objects/weapons/us/shotgun/shotgun_tp_long4.cgf
scripts/ai/cover.xml
scripts/ai/goalpipes/goalpipesbasicai.xml
scripts/ai/goalpipes/goalpipesfogofwar.xml
scripts/ai/goalpipes/pipemanager.lua
scripts/ai/goalpipes/pipemanagercover2.lua
scripts/ai/goalpipes/pipemanagerexamples.lua
scripts/ai/goalpipes/pipemanagershared.lua
scripts/ai/goalpipes/pipemanagervehicle.lua
scripts/ai/goalpipes/pmreusable.lua
scripts/ai/goalpipes/pmsingle.lua
scripts/ai/tacticalpositionmanager.lua
scripts/ai/tps/fogofwarqueries.lua
scripts/ai/tps/queriestest.lua
scripts/gamerules/battledust.xml
scripts/physics.lua
shaders/engineassets/codecoverage/hit.dds
shaders/engineassets/codecoverage/hit.tif
shaders/engineassets/codecoverage/pbar.dds
shaders/engineassets/codecoverage/pbar.tif
shaders/engineassets/codecoverage/unexpected.dds
shaders/engineassets/codecoverage/unexpected.tif
shaders/engineassets/icons/averagememoryusage.dds
shaders/engineassets/icons/averagememoryusage.tif
shaders/engineassets/icons/highmemoryusage.dds
shaders/engineassets/icons/highmemoryusage.tif
shaders/engineassets/icons/livepreview.dds
shaders/engineassets/icons/livepreview.tif
shaders/engineassets/icons/lowmemoryusage.dds
shaders/engineassets/icons/lowmemoryusage.tif
shaders/engineassets/materials/fog/fogvolumebox.mtl
shaders/engineassets/materials/fog/fogvolumeellipsoid.mtl
shaders/engineassets/materials/fog/oceaninto.mtl
shaders/engineassets/materials/fog/oceanintolowspec.mtl
shaders/engineassets/materials/fog/oceanoutof.mtl
shaders/engineassets/materials/fog/oceanoutoflowspec.mtl
shaders/engineassets/materials/fog/waterfogvolumeinto.mtl
shaders/engineassets/materials/fog/waterfogvolumeoutof.mtl
shaders/engineassets/materials/water/wateroceanbottom.mtl
shaders/engineassets/shading/sonarvisiongradient.dds
shaders/engineassets/shading/sonarvisiongradient.tif
shaders/engineassets/shading/thermalvisiongradient.dds
shaders/engineassets/shading/thermalvisiongradient.tif
shaders/engineassets/textures/hex.dds
shaders/engineassets/textures/hex.tif
shaders/engineassets/textures/hex_ddn.dds
shaders/engineassets/textures/hex_ddn.tif
shaders/engineassets/textures/moisturedroplets.dds
shaders/engineassets/textures/moisturedroplets.tif
shaders/engineassets/textures/nightvis_grad.dds
shaders/engineassets/textures/nightvis_grad.tif
shaders/engineassets/textures/noise3d.dds
shaders/engineassets/textures/perlinnoise_sum_small.dds
shaders/engineassets/textures/perlinnoise_sum_small.tif
shaders/hwscripts/cryfx/cloth.cfx
shaders/hwscripts/cryfx/clothvalidations.cfi
shaders/hwscripts/cryfx/common.cfi
shaders/hwscripts/cryfx/commoncausticspass.cfi
shaders/hwscripts/cryfx/commondebugpass.cfi
shaders/hwscripts/cryfx/commondetailpass.cfi
shaders/hwscripts/cryfx/commoneffectlayerpass.cfi
shaders/hwscripts/cryfx/commonglowpass.cfi
shaders/hwscripts/cryfx/commonmotionblurpass.cfi
shaders/hwscripts/cryfx/commonrainpass.cfi
shaders/hwscripts/cryfx/commonshadowgenpass.cfi
shaders/hwscripts/cryfx/commonshadowpass.cfi
shaders/hwscripts/cryfx/commonviewspass.cfi
shaders/hwscripts/cryfx/commonzpass.cfi
shaders/hwscripts/cryfx/distanceclouds.cfx
shaders/hwscripts/cryfx/eye.cfx
shaders/hwscripts/cryfx/fireparticles.cfx
shaders/hwscripts/cryfx/fireparticles_vs2.cfx
shaders/hwscripts/cryfx/fogvolume.cfx
shaders/hwscripts/cryfx/fraglib.cfi
shaders/hwscripts/cryfx/fx_velocitybeamparticles.cfx
shaders/hwscripts/cryfx/fxconstantdefs.cfi
shaders/hwscripts/cryfx/fxsamplerdefs.cfi
shaders/hwscripts/cryfx/fxsetupenvvars.cfi
shaders/hwscripts/cryfx/fxstreamdefs.cfi
shaders/hwscripts/cryfx/glass.cfx
shaders/hwscripts/cryfx/hair.cfx
shaders/hwscripts/cryfx/humanskin.cfx
shaders/hwscripts/cryfx/humanskinvalidations.cfi
shaders/hwscripts/cryfx/illum.cfx
shaders/hwscripts/cryfx/illumvalidations.cfi
shaders/hwscripts/cryfx/irradiancevolume.cfi
shaders/hwscripts/cryfx/irradiancevolume.cfx
shaders/hwscripts/cryfx/metal.cfx
shaders/hwscripts/cryfx/modificatortc.cfi
shaders/hwscripts/cryfx/modificatorvt.cfi
shaders/hwscripts/cryfx/posteffectslib.cfi
shaders/hwscripts/cryfx/scopes.cfx
shaders/hwscripts/cryfx/shadelib.cfi
shaders/hwscripts/cryfx/shadowcommon.cfi
shaders/hwscripts/cryfx/skyhdr.cfx
shaders/hwscripts/cryfx/stars.cfx
shaders/hwscripts/cryfx/templbeamproc.cfx
shaders/hwscripts/cryfx/vertexlib.cfi
shaders/hwscripts/cryfx/volumetricfog.cfi
shaders/hwscripts/cryfx/voxterrain.cfx
shaders/hwscripts/cryfx/water.cfx
shaders/hwscripts/cryfx/waterfogvolume.cfx
shaders/hwscripts/cryfx/wateroceanbottom.cfx
shaders/hwscripts/cryfx/watersurface.cfx
sounds/environment/environment.fev
sounds/environment/environment_forest.fsb
sounds/physics/physics.fev
sounds/vehicles/vehicles.fev
sounds/weapons/weapons.fev
sounds/weapons/weapons_accessories.fsb
textures/brick/brick_raw_ddn.dds
textures/brick/brick_raw_diff.dds
textures/clouds/cloud_dense2_distant.dds
textures/clouds/cloud_dense3_distant.dds
textures/clouds/cumulus_01.dds
textures/clouds/distant_cloud_higher.dds
textures/concrete/wall/concrete_wall_a_diff.dds
textures/concrete/wall/concrete_wall_a_spec.dds
textures/cubemaps/alientestcentral.dds
textures/cubemaps/beach_blur.dds
textures/cubemaps/blue_sky.dds
textures/cubemaps/camera_wetroad.dds
textures/cubemaps/cxp_river_blur.dds
textures/cubemaps/forest/cubemap_cave_cm.dds
textures/cubemaps/forest/cubemap_cave_cm_diff.dds
textures/cubemaps/forest/cubemap_forest_a_cm.dds
textures/cubemaps/forest/cubemap_forest_b_cm.dds
textures/cubemaps/forest/cubemap_forest_b_cm_diff.dds
textures/cubemaps/forest/cubemap_forest_tunnel_start_cm.dds
textures/cubemaps/forest/cubemap_forest_tunnel_start_cm_diff.dds
textures/cubemaps/redemption_cm.dds
textures/cubemaps/test_fleetfire.dds
textures/decal/concrete_plain.dds
textures/decal/explo_decal.dds
textures/decal/footprint_sand_left.dds
textures/decal/ground.dds
textures/decal/truck_tracks.dds
textures/decal/truck_tracks_snow.dds
textures/decals/algen1.dds
textures/decals/blood_splat_1.dds
textures/decals/bullet_plastic.dds
textures/decals/bullet_rockforest.dds
textures/decals/bullet_wood.dds
textures/decals/bulletdecal.dds
textures/decals/bulletdecal_ddn.dds
textures/decals/cable_trash.dds
textures/decals/cable_trash_ddn.dds
textures/decals/cardboard.dds
textures/decals/concrete_broken_02_ddn.dds
textures/decals/concrete_broken_02_diff.dds
textures/decals/concrete_hole_1.dds
textures/decals/concrete_hole_1_ddn.dds
textures/decals/concrete_hole_2.dds
textures/decals/concrete_hole_2_ddn.dds
textures/decals/crack_concrete_01_ddn.dds
textures/decals/crack_concrete_01_diff.dds
textures/decals/dirt_1.dds
textures/decals/dirt_10.dds
textures/decals/dirt_11.dds
textures/decals/dirt_2.dds
textures/decals/dirt_3.dds
textures/decals/dirt_4.dds
textures/decals/dirt_5.dds
textures/decals/dirt_6.dds
textures/decals/dirt_8.dds
textures/decals/dirt_9.dds
textures/decals/dirt_leaking_1.dds
textures/decals/dirt_leaking_2.dds
textures/decals/dirt_mud_1.dds
textures/decals/general_trash.dds
textures/decals/general_trash_ddn.dds
textures/decals/glass_b.dds
textures/decals/glass_b_ddn.dds
textures/decals/glass_broken.dds
textures/decals/glass_broken_ddn.dds
textures/decals/glass_broken_spec.dds
textures/decals/glass_crack.dds
textures/decals/glass_crack_ddn.dds
textures/decals/glass_crack_small.dds
textures/decals/glass_crack_small_ddn.dds
textures/decals/ground_crack_a_dcal.dds
textures/decals/ground_crack_a_ddn.dds
textures/decals/ground_crack_b_dcal.dds
textures/decals/ground_crack_b_ddn.dds
textures/decals/ground_hole.dds
textures/decals/ground_hole_ddn.dds
textures/decals/human_body.dds
textures/decals/human_body_ddn.dds
textures/decals/ice.dds
textures/decals/ice_ddn.dds
textures/decals/leaf_1.dds
textures/decals/leaf_1_ddn.dds
textures/decals/leaf_2.dds
textures/decals/leaf_3.dds
textures/decals/leaf_3_ddn.dds
textures/decals/metal_tin.dds
textures/decals/metal_tin_spec.dds
textures/decals/metalstuff_1.dds
textures/decals/metalstuff_1_ddn.dds
textures/decals/metalstuff_1_spec.dds
textures/decals/metalstuff_2.dds
textures/decals/metalstuff_2_ddn.dds
textures/decals/metalstuff_3.dds
textures/decals/metalstuff_3_ddn.dds
textures/decals/metalstuff_4.dds
textures/decals/metalstuff_4_ddn.dds
textures/decals/metalstuff_4_spec.dds
textures/decals/moss_1.dds
textures/decals/moss_2.dds
textures/decals/mud_puddle_1.dds
textures/decals/mud_puddle_1_spec.dds
textures/decals/mud_puddle_2.dds
textures/decals/mud_puddle_2_spec.dds
textures/decals/objects/concrete_finery_ddn.dds
textures/decals/objects/concrete_finery_diff.dds
textures/decals/oil.dds
textures/decals/paper_1.dds
textures/decals/paper_2.dds
textures/decals/paper_3.dds
textures/decals/paper_4.dds
textures/decals/paper_5.dds
textures/decals/paper_6.dds
textures/decals/paper_ddn.dds
textures/decals/rock_hard.dds
textures/decals/rock_hard_spec.dds
textures/decals/rock_sandy.dds
textures/decals/rock_sandy_ddn.dds
textures/decals/rock_sandy_spec.dds
textures/decals/rubbish_papers/rubbish_01.dds
textures/decals/rust_leaking_1.dds
textures/decals/rust_leaking_2.dds
textures/decals/scrap_1.dds
textures/decals/scrap_2.dds
textures/decals/scrap_3.dds
textures/decals/scrap_3_ddn.dds
textures/decals/sdk/rock_soft.dds
textures/decals/snow_melt.dds
textures/decals/snow_melt_ddn.dds
textures/decals/snow_melt_spec.dds
textures/decals/stuck_1.dds
textures/decals/terrain/decal_tracks_01.dds
textures/decals/terrain_soil.dds
textures/decals/terrain_soil_ddn.dds
textures/decals/terrain_soil_spec.dds
textures/decals/wall_dirt_2.dds
textures/decals/wall_dirt_3.dds
textures/decals/wall_dirt_4.dds
textures/decals/wall_posterthrash_1.dds
textures/decals/wall_posterthrash_2.dds
textures/decals/wall_worn_paint_a_dcal.dds
textures/decals/wood_planks.dds
textures/decals/wood_planks_spec.dds
textures/default_mat_warning.dds
textures/defaults/16_12.dds
textures/defaults/16_34.dds
textures/defaults/16_5.dds
textures/defaults/16_grey.dds
textures/defaults/black.dds
textures/defaults/diffuse_prototype.dds
textures/defaults/grey.dds
textures/defaults/oceanwaves_ddn.dds
textures/defaults/perlinnoise2d.dds
textures/defaults/white.dds
textures/defaults/white_noise.dds
textures/detail/detail_cliff_rock_ddn.dds
textures/detail/fabric.dds
textures/detail/mud_ddn.dds
textures/detail/wood_tile_diff_a.dds
textures/detail_bumpmaps/concrete_a_detailbump_ddn.dds
textures/detail_bumpmaps/fabric_a_detailbump_ddn.dds
textures/detail_bumpmaps/metal_scratches_detailbump_ddn.dds
textures/detail_bumpmaps/threadplate_ddn.dds
textures/detail_bumpmaps/wallstructure_1_ddn.dds
textures/detail_bumpmaps/wood_a_detailbump_ddn.dds
textures/detail_bumpmaps/wood_b_detailbump_ddn.dds
textures/detail_bumpmaps/wood_vertical_1_ddn.dds
textures/glass/broken_glass01.dds
textures/glass/broken_glass02.dds
textures/ground/pebbles_leaves_diff.dds
textures/lightning/animated4.dds
textures/lightning/electric_radial1.dds
textures/lightning/flash_animated2.dds
textures/lightning/lightning1.dds
textures/lights/minespot.dds
textures/lights/sun_big_sparkle2.dds
textures/metal/metal_tile_old_green_ddn.dds
textures/metal/metal_tile_old_green_diff.dds
textures/metal/metal_tile_rusty_a_ddn.dds
textures/metal/metal_tile_rusty_a_diff.dds
textures/objects/concrete_corner_diff.dds
textures/objects/rope_ddn.dds
textures/objects/rope_diff.dds
textures/skys/night/full_moon.dds
textures/sprites/31.dds
textures/sprites/black_smoke1.dds
textures/sprites/blast.dds
textures/sprites/blast1.dds
textures/sprites/blast_fall.dds
textures/sprites/blast_fall_ice.dds
textures/sprites/blast_fall_ice2.dds
textures/sprites/blast_ice.dds
textures/sprites/blood/blood_animated1_alpha4.dds
textures/sprites/blood/blood_pool.dds
textures/sprites/blood/human_bullet_hit_tiled.dds
textures/sprites/blood/water_animated1_1.dds
textures/sprites/blood_a.dds
textures/sprites/blood_anim_a.dds
textures/sprites/blood_tiled_a.dds
textures/sprites/bubble.dds
textures/sprites/bubble_a.dds
textures/sprites/bubbles_a.dds
textures/sprites/dirt_a.dds
textures/sprites/dirt_b.dds
textures/sprites/dirt_c.dds
textures/sprites/dust1_sand1.dds
textures/sprites/dust1_sand_new_mono.dds
textures/sprites/dust6.dds
textures/sprites/dust_smoke6.dds
textures/sprites/explosion_a.dds
textures/sprites/explosion_b.dds
textures/sprites/explosionblast_a.dds
textures/sprites/explosions/number9_together1.dds
textures/sprites/fire/large_animated1.dds
textures/sprites/fire_ball6.dds
textures/sprites/fire_tiled_a.dds
textures/sprites/fireball1_tiled_desert_mono.dds
textures/sprites/fireball1_tiled_flames.dds
textures/sprites/fireball_anim_b.dds
textures/sprites/fireball_blast2.dds
textures/sprites/fireball_blast_tiled3.dds
textures/sprites/fireball_tiled_b.dds
textures/sprites/flame_anim_b.dds
textures/sprites/flame_anim_c.dds
textures/sprites/flare_a.dds
textures/sprites/fly_a.dds
textures/sprites/glass_tiled.dds
textures/sprites/glass_tiled_a.dds
textures/sprites/glow_a.dds
textures/sprites/glow_tiled_a.dds
textures/sprites/grenadeexplo1/fireball1_tiled4_desat.dds
textures/sprites/grenadeexplo1/fireball1_tiled_hq.dds
textures/sprites/ice_shatter2.dds
textures/sprites/lamp1vertical.dds
textures/sprites/leaf_tiled2.dds
textures/sprites/leaf_tiled_a.dds
textures/sprites/leaf_tiled_b.dds
textures/sprites/muzzle boom.dds
textures/sprites/muzzleflash/aa_flameside_02.dds
textures/sprites/muzzleflash/aa_flameside_03.dds
textures/sprites/muzzleflash/aamuzzle_round2.dds
textures/sprites/muzzleflash/muzzle_front_a.dds
textures/sprites/muzzleflash/muzzle_shotgun_side1.dds
textures/sprites/muzzleflash/muzzle_side_a.dds
textures/sprites/muzzleflash/muzzle_tiled_a.dds
textures/sprites/muzzleflash/muzzle_tiled_b.dds
textures/sprites/muzzleflash/new ones/circle4.dds
textures/sprites/new_blood/blood_pool2.dds
textures/sprites/new_blood/wblood_1.dds
textures/sprites/new_blood/wblood_2.dds
textures/sprites/new_blood/wblood_3.dds
textures/sprites/new_blood/wblood_4.dds
textures/sprites/new_blood/wblood_5.dds
textures/sprites/paper_tiled.dds
textures/sprites/paper_tiled_a.dds
textures/sprites/rain_a.dds
textures/sprites/rain_drop_a.dds
textures/sprites/refraction_a_ddn.dds
textures/sprites/ripple_a.dds
textures/sprites/sand_explosion3.dds
textures/sprites/shine8.dds
textures/sprites/shockwave_a.dds
textures/sprites/shockwave_grey.dds
textures/sprites/smoke_a.dds
textures/sprites/smoke_animated_3.dds
textures/sprites/smoke_b.dds
textures/sprites/smoke_grey_tiled1.dds
textures/sprites/smoke_massive18.dds
textures/sprites/smoke_massive_black4_2.dds
textures/sprites/smoke_massive_black4_optim.dds
textures/sprites/smoke_massive_brown1_optim.dds
textures/sprites/smoke_tiled_a.dds
textures/sprites/smoke_tiled_b.dds
textures/sprites/smoke_tiled_c.dds
textures/sprites/smoke_tiled_d.dds
textures/sprites/smoke_trail_a.dds
textures/sprites/smoke_white_tiled2_whispy.dds
textures/sprites/smoke_white_tiled3.dds
textures/sprites/snow02.dds
textures/sprites/snow_dust.dds
textures/sprites/snow_sheet_a.dds
textures/sprites/snow_tiled1.dds
textures/sprites/snow_tiled1_motion.dds
textures/sprites/spark.dds
textures/sprites/spark_a.dds
textures/sprites/spark_sheet2.dds
textures/sprites/spark_sheet3.dds
textures/sprites/spark_sheet_a.dds
textures/sprites/spark_sheet_b.dds
textures/sprites/spark_stretched1_desat.dds
textures/sprites/spark_tiled_a.dds
textures/sprites/spark_tiled_b.dds
textures/sprites/sparks_a.dds
textures/sprites/sparks_multi_tiled.dds
textures/sprites/sparks_tiled_a.dds
textures/sprites/stones_tiled_a.dds
textures/sprites/underwater_tiled_a.dds
textures/sprites/water_a.dds
textures/sprites/water_anim_a.dds
textures/sprites/water_b.dds
textures/sprites/water_bubbles4.dds
textures/sprites/water_drop1.dds
textures/sprites/water_ripples.dds
textures/sprites/water_ripples2.dds
textures/sprites/water_river2_light.dds
textures/sprites/water_splash2.dds
textures/sprites/water_splash3.dds
textures/sprites/water_splash4.dds
textures/sprites/water_splash5.dds
textures/sprites/water_splash6.dds
textures/sprites/water_splash7.dds
textures/sprites/water_splash8.dds
textures/sprites/water_tiled_a.dds
textures/sprites/water_tiled_b.dds
textures/sprites/waterdrop_a.dds
textures/sprites/waterdust1.dds
textures/sprites/waterfoam_a.dds
textures/sprites/whirlpool_a.dds
textures/sprites/wood_chip_tiled.dds
textures/sprites/woodchip_tiled_a.dds
textures/terrain/bump_detail/detail_bump_concr_003_ddn.dds
textures/terrain/bump_detail/detail_bump_concr_005_ddn.dds
textures/terrain/bump_detail/detail_bump_metal_006_ddn.dds
textures/terrain/bump_detail/detail_bump_wood_004_ddn.dds
textures/terrain/bump_detail/detail_bump_wood_005_ddn.dds
textures/terrain/decals/decal_dry_grass_on_soil_and_pepples.dds
textures/terrain/decals/dirt_on_road_16.dds
textures/terrain/decals/dirt_on_road_16_ddn.dds
textures/terrain/decals/dirt_on_road_16_spec.dds
textures/terrain/detail/cliff_is4.dds
textures/terrain/detail/cliff_is4_ddn.dds
textures/terrain/detail/grass_3_ddn.dds
textures/terrain/detail/grass_3_diff.dds
textures/terrain/detail/ground_earth_village_leaves.dds
textures/terrain/detail/ground_earth_village_leaves_ddn.dds
textures/terrain/detail/ground_mossy.dds
textures/terrain/detail/ground_mossy_ddn.dds
textures/terrain/detail/ground_mossy_spec.dds
textures/terrain/detail/leaves_2_ddn.dds
textures/terrain/detail/leaves_2_diff.dds
textures/terrain/detail/mud_1_ddn.dds
textures/terrain/detail/mud_1_diff.dds
textures/terrain/detail/pine_needles03.dds
textures/terrain/detail/plains_ferns_wet.dds
textures/terrain/detail/plains_ferns_wet_frozen_spec.dds
textures/terrain/detail/river_no_water_pepples.dds
textures/terrain/detail/river_no_water_pepples_ddn.dds
textures/terrain/detail/river_no_water_pepples_spec.dds
textures/terrain/detail/river_peebles_ddn.dds
textures/terrain/detail/river_peebles_diff.dds
textures/terrain/detail/rock_stone_011_2.dds
textures/terrain/detail/rock_stone_011_spec.dds
textures/terrain/detail/soil_2_ddn.dds
textures/terrain/detail/soil_2_diff.dds
textures/terrain/river_water_color.dds
textures/terrain/roads/forresttrail1.dds
textures/terrain/roads/forresttrail1_ddn.dds
textures/terrain/roads/forresttrail1_spec.dds
textures/terrain/roads/path_dirt01.dds
textures/terrain/roads/path_dirt01_ddn.dds
textures/terrain/roads/path_dirt01_spec.dds
textures/terrain/roads/river_foamy.dds
textures/terrain/roads/river_foamy_ddn.dds
textures/terrain/roads/river_forest_foam.dds
textures/terrain/roads/river_forest_foam_b.dds
textures/terrain/roads/road_muddy_off_12.dds
textures/water_caustics/water00caustics.dds
textures/watershore/foam_tiled2.dds
textures/watershore/foam_tiled2_ddn.dds
textures/watershore/foam_tiled2_spec.dds
textures/wood/plywood_dark_diff.dds
textures/wood/wood_sheets_diff.dds
textures/wood/wood_sheets_moosy_diff.dds
textures/wood/wood_sheets_moosy_spec.dds
